-- phpMyAdmin SQL Dump
-- version 4.4.12
-- http://www.phpmyadmin.net
--
-- Host: 127.0.0.1
-- Generation Time: Jun 24, 2017 at 10:31 AM
-- Server version: 5.6.25
-- PHP Version: 5.6.11

SET SQL_MODE = "NO_AUTO_VALUE_ON_ZERO";
SET time_zone = "+00:00";


/*!40101 SET @OLD_CHARACTER_SET_CLIENT=@@CHARACTER_SET_CLIENT */;
/*!40101 SET @OLD_CHARACTER_SET_RESULTS=@@CHARACTER_SET_RESULTS */;
/*!40101 SET @OLD_COLLATION_CONNECTION=@@COLLATION_CONNECTION */;
/*!40101 SET NAMES utf8mb4 */;

--
-- Database: `exam_system`
--

-- --------------------------------------------------------

--
-- Table structure for table `department`
--

CREATE TABLE IF NOT EXISTS `department` (
  `department_id` int(11) NOT NULL,
  `department_name` text NOT NULL
) ENGINE=InnoDB AUTO_INCREMENT=13 DEFAULT CHARSET=latin1;

--
-- Dumping data for table `department`
--

INSERT INTO `department` (`department_id`, `department_name`) VALUES
(1, 'Computer Science'),
(2, 'Mathematics And Statistic'),
(3, 'Businss Admin'),
(11, 'Civil Engineer'),
(12, 'Art and Design');

-- --------------------------------------------------------

--
-- Table structure for table `exam`
--

CREATE TABLE IF NOT EXISTS `exam` (
  `department_id` int(255) NOT NULL,
  `question_id` int(255) NOT NULL,
  `question` longtext NOT NULL,
  `option1` varchar(255) NOT NULL,
  `option2` varchar(255) NOT NULL,
  `option3` varchar(225) NOT NULL,
  `option4` varchar(225) NOT NULL,
  `answer` varchar(225) NOT NULL
) ENGINE=InnoDB AUTO_INCREMENT=45 DEFAULT CHARSET=latin1;

--
-- Dumping data for table `exam`
--

INSERT INTO `exam` (`department_id`, `question_id`, `question`, `option1`, `option2`, `option3`, `option4`, `answer`) VALUES
(1, 1, 'From what location are the 1st computer instructions available on boot up?', 'ROM BIOS', 'CPU', 'boot.ini', 'CONFIG.SYS', 'ROM BIOS'),
(1, 2, 'What could cause a fixed disk error', 'No-CD installed', 'bad ram', 'slow processor', 'Incorrect CMOS settings', 'Incorrect CMOS settings'),
(1, 3, 'Missing slot covers on a computer can cause?', 'over heat', 'over heat', 'EMI', 'incomplete path for ESD', 'over heat'),
(1, 4, 'When installing PCI NICS you can check the IRQ availability by looking at', 'dip switches', 'CONFIG.SYS', 'jumper settings', 'motherboard BIOS', 'motherboard BIOS'),
(1, 5, 'With respect to a network interface card, the term 10/100 refers to', 'protocol speed', 'a fiber speed', 'megabits per seconds', 'minimum and maximum server speed', 'megabits per seconds'),
(1, 6, 'Which Motherboard form factor uses one 20 pin connector', 'ATX', 'AT', 'BABY AT', 'All of the above', 'ATX'),
(1, 7, 'A hard disk is divided into tracks which are further subdivided into', 'clusters', 'sectors', 'vectors', 'heads', 'sectors'),
(1, 8, 'A wrist grounding strap contains which of the following', 'Surge protector', 'Capacitor', 'Voltmeter', 'Resistor', 'Resistor'),
(1, 9, 'Which standard govern parallel communications?', 'RS232', 'RS-232a', 'CAT 5', 'IEEE 1284', 'IEEE 1284'),
(1, 10, 'In laser printer technology, what happens during the conditioning stage?', 'The corona wire places a uniform positive charge on the paper', 'A uniform negative charge is placed on the photosensitive drum', 'A uniform negative charge is placed on the toner', 'All of the above', 'A uniform negative charge is placed on the photosensitive drum'),
(2, 11, 'what is mathematics 1', 'f', 'b', 'j', 'g', 'g'),
(2, 12, 'what is mathematics 2', 'k', 'k', 'h', 'u', 'u'),
(2, 13, 'what is mathematics 3', 'OOL', 'W', 'A', 'Q', 'Q'),
(2, 14, 'what is mathematics 4', 'KK', 'KLJK', 'L', 'J', 'L'),
(3, 15, 'what is business admin1', 'a', 'j', 'a', 'j', 'a'),
(3, 16, 'what is business admin2', 'mm', 'k', 'k', 'g', 'k'),
(3, 17, 'what is business admin3', 'aa', 'kk', 'wu', 'o', 'o'),
(3, 18, 'what is business admin4', 'ksj', ';lsj', 'os', 'p', 'p'),
(1, 19, 'What product is used to clean smudged keys on a keyboard?', 'TMC solvent', 'Silicone spray', 'Denatured alcohol', 'All-purpose cleaner', 'All-purpose cleaner'),
(1, 20, 'ESD would cause the most damage to which component?', 'Power supply', 'Expansion board', 'Monitor', 'Keyboard', 'Expansion board'),
(1, 21, 'Which type of system board is the MOST likely candidate for processor upgrading if you want maximum performance and future compatibility?', 'ML', 'PCI', 'ISA', 'EISA', 'PCI'),
(1, 22, 'Suppose that you have a the maintenance package identifies several possible field replaceable units (FRUs) that will resolve the problem. What should you do after turning the power off?', 'Replace the indicated parts, one at a time in the recommended sequence, until the problem is resolved; return unused FRUs to stock', 'Replace all of the indicated FRUs at once and return the machine to the customer if the problem is resolved', 'Follow the same procedure as in ays replace the system board first if it is on the list of possible FRUs If multiple FRUs are indicated, then software is the most likely source of the problem', 'None of the above', 'Replace the indicated parts, one at a time in the recommended sequence, until the problem is resolved; return unused FRUs to stock'),
(1, 23, 'Most PCs give a single beep on bootup to indicate they are ok hardware wise. You boot your PC and don''t get a beep. What should you check first?', 'system board', 'RAM', 'microprocessor', 'speaker', 'speaker'),
(1, 24, 'Which peripheral port provides the FASTEST throughput to laser printers?', 'RS-232', 'SCSI', 'Parallel', 'Serial', 'Parallel'),
(1, 25, 'The mouse pointer moves erratically, what is the possible cause? The mouse', 'ball is dirty', 'is not connected', 'driver is not installed properly', 'has an incorrect IRQ setting', 'ball is dirty'),
(1, 26, 'Voltage is measured', 'in parallel', 'in series', 'after breaking the circuit', 'after checking resistance', 'in parallel'),
(1, 27, 'Your customer tells you the print quality of their dot matrix printer is light then dark. Which of the following could cause the problem', 'Paper slippage', 'Improper ribbon advancement', 'Paper thickness', 'Head position', 'Improper ribbon advancement'),
(2, 28, '	what is mathematics 5', 'FF', 'JJJ', 'JJ', 'JD', 'JJK'),
(2, 29, '	what is mathematics 6', 'KHG', 'GDFG', 'LKJHGF', 'HGFD', 'GG'),
(2, 30, '	what is mathematics 7', 'KJKJK', 'MBJHBJ', ',LKL', 'KJKH', 'FD'),
(2, 31, '	what is mathematics 8', 'KLJHV', 'DSD', 'DERDTR', 'TRR', 'PP['),
(2, 32, '	what is mathematics 9', 'ERRTYU', 'YUTSDC', '.;.L', 'XCCV', 'LOO'),
(2, 33, '	what is mathematics 10', ';LKHH', 'ASS', 'JY', 'LIYDF', 'TASEHVBNL;'),
(2, 34, '	what is mathematics 11', 'KLKITR', '345', '876', '212', '0'),
(2, 35, '	what is mathematics 12', '	what is mathematics 1', 'LKJH', ';[U7', '76890', '54'),
(2, 36, '	what is mathematics 13', 'JV', 'KKK', 'DFSDBNJNH', 'LL', 'PO'),
(2, 37, '	what is mathematics 15', 'GHS', ';LK', 'BV', 'HJ', 'I'),
(2, 38, '	what is mathematics 16', ';L', ';LIK', 'ZSD', 'IUY', 'T'),
(2, 39, 'what is mathematics 17', 'JHYU', 'LKJHFG', 'JFTY', 'POIU', 'JHHYU'),
(2, 40, 'what is mathematics 18', 'KJ', 'JKLK', 'JHGF', 'LKJH', 'IOI'),
(2, 41, 'what is mathematics 19', 'kjhgkl;', 'ujgtui', ';/.jkhu', 'ktgj', ';po'),
(2, 42, 'what is mathematics 20', 'lkjl', '/.,luj', 'hf', 'gyyhjm', 'jgbv'),
(1, 43, 'The 34-pin connection on an I/O card is for?', 'Floppy drive', 'SCSI drive', 'IDE drive', 'Zip drive', 'Floppy drive'),
(2, 44, '42 	what is mathematics 21', 'lkjhg', 'iyt', 'fg', 'oiu', 'tyu');

-- --------------------------------------------------------

--
-- Table structure for table `examstate`
--

CREATE TABLE IF NOT EXISTS `examstate` (
  `state` varchar(255) NOT NULL
) ENGINE=InnoDB DEFAULT CHARSET=latin1;

--
-- Dumping data for table `examstate`
--

INSERT INTO `examstate` (`state`) VALUES
('unlocked');

-- --------------------------------------------------------

--
-- Table structure for table `results_info`
--

CREATE TABLE IF NOT EXISTS `results_info` (
  `result_id` varchar(255) NOT NULL,
  `student_no` varchar(255) NOT NULL,
  `student_name` varchar(255) NOT NULL,
  `score` varchar(255) NOT NULL DEFAULT '0',
  `date` varchar(255) NOT NULL,
  `status` varchar(255) NOT NULL DEFAULT 'FAILED'
) ENGINE=InnoDB DEFAULT CHARSET=latin1;

--
-- Dumping data for table `results_info`
--

INSERT INTO `results_info` (`result_id`, `student_no`, `student_name`, `score`, `date`, `status`) VALUES
('RST:80971679', '1530110102', 'Olaoro Samson', '10', '24th  June 2017 09:51:19 AM', 'FAIL');

-- --------------------------------------------------------

--
-- Table structure for table `school_info`
--

CREATE TABLE IF NOT EXISTS `school_info` (
  `name` varchar(255) NOT NULL,
  `email` varchar(255) NOT NULL,
  `address` varchar(255) NOT NULL,
  `phone` varchar(255) NOT NULL,
  `slogan` varchar(255) NOT NULL,
  `logo` longblob NOT NULL
) ENGINE=InnoDB DEFAULT CHARSET=latin1;

--
-- Dumping data for table `school_info`
--

INSERT INTO `school_info` (`name`, `email`, `address`, `phone`, `slogan`, `logo`) VALUES
('The Ibarapa Polytechnic Eruwa', 'ibarapapoly@info.com', 'P O box1223', '08131157998', 'Up Tipe', 0x89504e470d0a1a0a0000000d49484452000000500000005008060000008e11f2ad0000000473424954080808087c086488000000097048597300000b1200000b1201d2dd7efc0000001f74455874536f667477617265004d6163726f6d656469612046697265776f726b732038b568d27800000016744558744372656174696f6e2054696d650030362f30312f313742ce11dd0000109670725657789ced5a7f901bd75d7f3a6bef249dd6b76b4bb2256bbdb2ef872b45f1eabce7d51d5d9d4eded3dd66522750c72993b4759cf8143bb9d8a97db5533c1e06a62dff3074e84c87aacc30144ab09b76c84087920081e94ca6d03986843250a061ca0c0193b4041826506adfe3fb7dbbda5d49bb3add99ca7fd0b7b7abd5ee7beff37ddf1f9ff77d4ff78d8d57de21cf92672996754a9b78595fa7eb70d3a0cd266dc255a50df823f806df35f13d16b869e0a5d95c6fc28dbade24eb8dc67a435d6f10688f6fe01d3b9bcd46b3a9369b043f1b8d66436d421d556daaa4818d1bf8185fa8f8120bdc10bca86a4325d0a38a6d547c808f083ec642e0500921ac3bc2da900621ec056127f52b1b1b1bced9fadef90ecb2df878f39f6fd22fffd68bf4d10f7d98cab9091a1b1d6327bf7317dd9dda47f764649ace1e70ce8c7490eedd9763f77bf7c97414ea8dc47642bdfd94171254823ee6f4059a1b3f4427a70af4f4e30d5abc779a3efac1c7e84b2fbf42ef3ffe00fdc33ffa63faf6f7fe953ef2e8293a066d86768cd0e77eea2a7de7dfff83fef4cffc2c5d3866d0afffe937e88deb5fa49ff8f827e96f3e7f9d1e3c304e3ff4c10fd313ef7f885eb9fc1c3d77f629fa95df7b89fefd3fbc49f5aa41c323a320db01fafc8d2fd3376f7e97fec4c98769787884ae5dbe42bffad2cb747c728a1e5bacd33ffbf3d7e88bbffd3bf4fa175fa0bff685dfa0abe72fd0efbdf36ff4ddfffe3efdf8277f8e7ee577bf4a6fbcf0253aadced0df7fe56bacafa5fb8ed3685c6063e422717a7aa541bff38f6fd2b34f3d4d3fffeb5fa037df7a9b7ef673bf4c9f7ee63cfd9bbffb36fd955ffd3c3d383149fff6db6fd09fff854fd1931ff849fa4f37ff85bef617dfa49ff9a5cfd2c7cfacd09d8248c7c45dec53dc9da017d73e4a9fbf7e83ee93730c43d8bdc7d1792abd9fe91c6dd1d23d3bd3324d243294e777d3584c6076cb820e4e3d7686bef0a517e95b6fbdc56c4d065c3afd71d0f8bb92194767e8af83c67ff5eb7f42772592ccff6ac6e2c0f12f5ebac27c01630be378d0f82d5f45dd27f74affeffccfe5db0d7a7be3d6c0f1c5c45ebab87c3f3d79f2512acb9303c73f942fd04ffde2a7e95f7deb5b54999e1e387e988b52a53443fff29b7f4dbffbf63b77c5ffbc73f0ddc0bf9bfe8f318f676bbe1a34fe9ebd599a86b93a99ca50f48541e33ff6c45936ff8889343d30911f38feeddbb7efaafd91f7e8edbb896f95db768ebb9d3ec2c022241cda167e624f16f2b7bd34c6437e27a6b6860f90c3692e9ce2f8582a928c25c31cb755fcf95a9de5904988838fac3db715fc5032161147b934174d90e428e1321c9789f091c896f043e108cbc763719e4a72dff18fcade918aa5b85872548864225c8a70699282fb6832bc2bdc3ffe36f92f1d058c482644b8080f634081e01a4972a94888cb0cefeddb19b683cf25c3d14c9a43afc3c2c7857d022fc4d917708674341309a7fad4412a2db1b5199ee96c5ffa8fa44693915404c1f9aca469e5855aad66d46a9a569004140f64488e0e27fbd201e2578f2d01f7bd07fc3fb939be180ec552610e86c7e78b0cd72d2844218b937a0a7c22dc8f27b6e69dd65a69b3fa5c260a83879b6cc1b0d00d18fe31f85cb04ea3a649608a483a948ef4a181add93fc49154142c4f048d6133ccf2828b6eab41e2c111a202abfa7f881f4ec5441c3c5facb5e0f0525c704d60df96b34088b1e470a25f7ce4dfff7cf7dddef85c26961a0991acd18ea615f1c6d500bb16e384d9699382f61fddb99b8eeddac3e6e15ea3e7c2c07184142d8805570649f338213e3f66a920226e1a8588e95db3f7a89a04d7e308afd5bca3855333a4bcd1fae2f5832c8711d05b06cc396fddbae5ecf3f4a8caa562c324ae75c41ce0973514aab6e07dc83841429719ed690558f5e0ca07907f40376ef558ff8ca4c2912489970d7b941e05e4b5b86438b05e0d48303125b95e0ae8d7ffc399683a42425afb08198ea101ed95db701d0df0a16478b857140e41ce897b62b83786fb3881f8c330d991bce119a48b0394870a58f088d562a3388966a23d2c80fb76adbdbb1efb1f5c3a02b945b6cdeb9dd3c813304c9b019c52644d838910f7c0704fecbfbeff3f3df32f3196b23116da076a8110504d7b4cb65e4b84e322e940fcfef92f4cec28ebb6b306af79add6fece16a01c0f33dddd117e12b34b8f8adbf5cfc64f0a8667d8ae80609c683a9a0cc277f61fe063e376003e4c7a69dbf93abddc868022b43d73e5030570c18929ee935a39488ff917166690cf68bef6b56c8ca59d18dd1b8908d154107ee11e85966775b6ef7ae12317fdf193119139bf9f7d71c2e759ad7cfb73473b059888624106e867fd151ad913e36cefeb72c005046085373ccfbdea8943c6140920c17efc2f9c1e4d32f5faf48da7605563fee9e71f4228b2ab17bef777065f7c4e8c84e22deb76c57fb155efa8971ddd13dc538c042dcf1616eb542dcfd27cb144b3f2b82f3ee4ba61cbbdbdb677eccbb7eae5dbcce36aa24846f664a263bef8fb20e796f61f64bfa7e4ef29fae383f95aeee7197d6bfa77ea59b34387fa590d2e161400dedf7b02f58f178925ba56c6db76e65dfc9a95f918f6a77d6f1c259bf35ff0fe5708b269f8cb837741a68b7f90f2c2a0acaf2cc9b04bc1c087f8d65301feca718207dfdd771ffe9f2d6bec28f2022f8678ebe443cefd4eb72a1f12795e186aafc3f1bc6475a1695d9d43fc53dc77707f7bebaad0ca6cb4504011edf00b094135ac2e0c60e26efc182fd2f8d86eba13ce38dc778fdfb6e3d1ee7e85213121c932e2c329c809591685211ffc5634f8c4a0f77747dff1676d272ef39de396015ab06945b6942008f034d1a908c9b043c247ff9bda5faad9ebbc701bb8a208824f774c085911dbf00b164f6c0f5fd08e1635e45eb10d5d0e00b7da8c97640f3eb6d6b4a256f4b17f7ff907328be4a0bfb71480ee72fc584ec9b5ccc06330fa061f949b376fd237de7883befefaebf4d5575f0dc0cfba01202abaad784148c88a52d2755d91c742823caba6264131e014cc2365654270dcdf2ff4b630fe50cb01e592692a8aa2ce026a75c934aba6396f9a66655e87bbea54ba62b2026f4befd5cdca11d132bf87a4b6858fc91d1840d64dbb5411a2ba5c995f9aafc0df72c5c47b756ab23a97c8298a5ed1996c20498225a641be4a5efcce1fd0d77eb0b119be650039671da208cc16d24dbd5aaf5ad77a156458ae1ccae87a88306e0889a20cc1288a184081eaef77fc210d15c07a26b65bc92d783caa4ba889e599f454d5ebf92def0f547fdff9bf84ebbcb67e4b805b41684b00a6013d93aeccb71315925fa0f77bf63f200fecf5fb0fb3a2e4e95736d988c1ea559ddd302b4c6654536fe33f4b71773a7efe1e64300f070b15139d8f1dd596275496a7d2537a653239d4325228bfd823f8fac697eca547d181d79797e64d547a0b1e6fea55753a3d353953d573365b8a6ce2c9fbf7da37be9bfbe56df852697af6c7e6ea4bf5aa157d3aca60ea8b93693000449d2a3bd487abf07260fcf53b7e674703bb55ccca0cc4fa81c903e5b97a6519758f0630ee9d9c5267de53521c3f7173f6200fdc02ff6076553340b1e204320cb2d0cca1839365430713e866bd3c3955a9562692c3ded0b37746a51d7786cf6b46394bd0975b4100337d09e910f430678002eae5f48c599d10b96191f3b87e8d5d8a01ddf61fff421e35882b1cc38d423ea18008339353c69c519aaa9a8ac40d27b961ceb53d107f1e141708bfc5fd5f6b93a1e865189c130e4dcdcd4d5575f4b924c7ed62f8224bfa30f2b3c560fad9f2ef0f964ebd448412cc4c66aa16ed701c87f6673bc4c770636a93b255fc90b5c829b4711cc68362dd0e714918bec4b64a82a36efbf8108bd60e689b11045d69dd868704896dce1b7ee9d676f021df90bd23916c2ed2a4ce9418152fe6cbd68ac1abfb31510e48199db5376ebef9eebf09561ee134cf3abf3718654d92dab0a582e6ac3a1d7cc10a5453d9def8056b7601119804adf580b30bad698562be902f14cbced6b4459616eb0b18a2d6fcb44d7cd39a5ca11b152c2ad8bb70f9c282bb116eb8e218355b0c83910e0447958157978e04e9bf377ed69a62ac3483581c60a07605d0b607d85ae26979c112d1da9483c62c2f6835dec6f8652bbda9609265323f04076bf9a320e58b9ab519813fff652da6119c65b962daa909cc52badf16501ff8553bc3c4c3c22db407b6e6d904b4c5d2a496f0152b49c639da2f1efb1b7f65dece337c6348eb8a37470e051b33f3c3e947479be32b30cf2eb7f23b8cc3ce6e4216dd742579b00af4a4a6100441f8bdffff08980366772bbfd37151a177caa06169275b587de9e6926941cfe30db0d8f6c68f652c87835f9a97654605554b067f7a17f6e714b61a5baa2e83cd5075e6913b5d7f3116324b4026956593b1110080106cb9191a2321026127c8a82bb62c04714d55cf8dcfca08af04fffe613e7583cb5df81a77e2e5ebdc739fbb1efc4b9102e3392ceba5fdaa3e5b5d1acfa13c6c94e0dd3a16d4b2b532047830952ecb5905ece0448d6fb9749544c90a394f4e91f7938fe27f8c078ebf5ad7712a2a8ee365b78ee93e2e3b991c28095b0b0134934656e4d2e1090516cbf0ce97f91dfc11324ece0072891d810228bab5ec3d52542415348d6bfffa910afa26e8001da26ad61373f0294f28f8ded42db7f70f5abb180f330d8c03be750417c15a7ec35a5f9d0567d627e4fd4950058c95f90114c594ad02df15db51d54d72a0927b5cbbb668f4ae2ce4747b0ba08a162fc12873cb15f9b0c8f061c8208e3aabea7a49b127ed4d53a0557289ac2072fdf2d545e3fecdaa6364ab75f471d0c4324aa19bea129a41a92c63705a5e08d8a5c3621ff917b940ae900f9073e0016be4ecb5c53e5ae0ce8f7cb8a45b510862d888d60738c3dc919c2cf86eb7fb24c2574919acbe4234320d47b0ff75951dbc204be3b8d96217857981b03b38dbe67d3c31468e01fa653857991eb65342632132d6c73f9bc4bb6990f97fc8f23df4806de1df4959238b30ea4bf0791a58e88941c3a3cf83060e9167c8d3e471b234687cc0e6c1f64f00ffde07e33f3f687cf220b0fe1a4870d1f6c30117a67d9e98e0036b20c1eaa0f1c9283941ce82ef9d614cb409fffe104a8ce123f683e07f4f0d1c1f636e0582dfe68141c303ea28a9b39917a3606dd0f88c771f221f23cf5a5a1834bcedff75f0bf27419687068d4f2eb9b6df3cfff8219413a0ff0ba87ddb0a832e16eb22ffe518030eba9c436cc706d38386b7b35f4f164a54d270f3c10e76c695c21960c90bcc6a2db9bdf9331e9d3d8cb21e56592f2b5dad47da5b77b46c67e7ee961df9b3d3720c62ea1960d40b905b5c8279fd34f29cafe4a5f6a3ad974e76661c65b7e540dad39df93393f9189b53d7a0dd79688f99cd9a9763db6a8b64994974c5ae79b12b230a6a19755a7af267df9a636d0c7b1ff4fd30433807635a75fa0fc3bb8b2079e768bc6d8f03de69e861d16e33d9953f1f21f7c23dea1aeff0d91938ef25b3f0ac0c6f2c2d1f6535cb709d8637f8ed5ac7d8dcacd8c3ce3e63ebcc9fbd7a1842893a7cd9ad6d30fbe0984fa3b69d366572b4a38dcbce67a1f60ad43ecbfce84c804c3ca941cf4fb2783901351b80729eb573d9566d6b1107cda2144f07d6ef44781f8cf5499023c85b76306b74eaca6de548e8a9af768c3cdac5ce415670f3e7736cd4a7c01617ed787f109056a1f529e86305ea3d8bf1c73cfd636dbe7512ea3f00cf9f715046bbd899590e5ce55a7de97d97af1ab587baf2673793c59af73d70dcb3c3f1081bfd2380f1e4b5fa8f9f40e13d31e28ef53844c12a48740ebead763274476475e6cf2dcfeae4297787a35d733bc17e18c3e737e1d71f31f48f187a000cfdbf374c020dbf6d08e3000000486d6b4246fadecafe000000040000000000000000000000000000000000000000000000000000000000000000000000000000000000000000000000000000000000000000000000000000000029a433a100001c2b6d6b5453789ced5d5b73db46b2c666d7b125cbb7642be7e1bca8ead4a9f3942cae24f82889a2a498921882b2e5bcb84090b0b89125af6e592f8bfffd74f70c406030b8911429dbb01281c40098c1d7dd5f5f66001dbedebe1bb7ba3ba3b136e9fe76341a3754d3b7fbf5c9697bc71fab93776cf3f6a0e98f6d75b27fd0a36d77d7f1c7757dd2754e46d0bcbd0717f0f9bf49a7ddbe1b6f77e0d7ce56ef7aac3c51fa8aa7bc57b61557b956468a3739383a84fd1bb0ff02f6efc3fe2b65a06c2a6d68bd5086936ef3b88f97dd3aa2ab6f39a3b131b427dbcd83d1d89c6c1f1e8ec643d8c06e77b2edecd2414e0bef61dbd9a76fdb6db6794d9b9d237e81dd167deff6e8d8d6367d6b756973c4763a1d38d69b6cf758638f5dbde7b04e0ed9f5d8e6600b477984a35227cd630d87d33cd6f132cd6383362dd8a9c346671b03379302d8bc4860d3552e955bd8375086ca605e84b42f1fa1407b1cc0c5576ee6d11ecd3767d61f6d4e74b4fbd59f293a73ea8f8851190d5a31461b1ca32dc0e70a90d886dfb780d619c7ea09c76a8a61163a38ee083c3593e143edb9f8d8660c1f35868fa1c7111acc69633a43486708990c219321644e9cceef4caa8e031fbc3eec3866b7e138c7b4a30c864f39863dd0ae7f83bedd427b9e9e19ba4cd1b281d41a1c4abdef9580d2b31994b4ffdec0d41bc5c07ccec1dc01853b879f91f201e072954fca99f29903ba1651ca8ff0f952b9cc0453e356ab1985695f534db9d9aa19666ba90c49e20344d2770b5bae6e17c6d2b07586a5a10d4a63976dd0f50183cef61872c30505146a96bbd46724bb6290cd0ad06f60a7233c2a0690693180b4bea05b3e874865187959868a6a91af5b4488119c904d112752aa7b002aa95ba1a1ce6aa05d68ed93815e64aa99d658ac9e2dd6a9de8f9e7dcf317a0bbee0468a4e5d503121e8c88acbf0d4183efacaf1713adb8cfd9ded04e93f0df13aa398de038d01e4046dda21bf8994ffb910dd73bc34dd932226107edd2baf52668d41e672cc8c8159d877ce6e94d0a16eb90c487435e591ec10f9df009ae7a590f4cd029ed30f3c27c61305810cb98d034931c9e27144f89c201a4172636149f00191657149f0a15b1ae2c7f1e4a20cbce43372d30952e7d2f80e7964822723c08ddaa201ee02aefa70c830139d463666b304c87252d4adcc00d9d3cbdb78181e5b3a838e61580c3b6d58981a43c5d3fd18746b2174e8413e932f9d25378ba7669422cc58fb2862c8bacda3144a4a0aa265e832b46a0cad1a43abc64c9911207ee8fb8229a38fe9ee97c0f17118adb8ca1f3935129ba1d8602852881641519d174593a1c8544c0aa3e5321cf50c1c2d9597011abc0ed0e04872c5ab71cdab996960b23d113021e82ca7943db0745049e58f32565c482b8b45cf72b524634647dd5f38ff9183211b0e80ec463d0df33df9ead924633e23fe8b97ab222d858d5e5a457800e52a6dc672553a4a2fa52835a9b0d787103cdbac1f2a4efa9270ea811d8f203df9527132168ed35a88d3254424374b2c0c67f158c333674cd2b84b5019342a834665d0a80c1ab52034cfa52ac46763caab4f9cebd5e5cfbe649191c510b21842d65c94bd4fd9eb5d4ef6fa506718384ae0b109268bc16431985c0693cb6072a5b17f0bd34d9a6ee921d74894e90ac2af4de5907f1a2a574542b132a183660d8b4c36a8d224bfb4c9c903071eceda0c2a9b05ff6cae21bd30928ddd3e1598ce78a1e98cd82a8e1d468d54b6c40c88a4a9c602599637250259a931922e16ad88bbf78a5d71a8028b6c8710a52b9a587ff364168955eb54da9ae6e8331493ee4dcfa271fdb49284912a5592ec61093c1fc7c2fc8bc5ceb9179cc8125ce312cc34040b718c82f53d07eb18a70c3844eb617a8eb11596dbf2a22b77d6c50998cde4c16408a965900a05a53652e84462a9152867e05e8ab03858bacd721fca74b6286123e5abd558e663e296ca89b918be8a608815235cece1509ceaf2a82cdb47b8d2025b0148b192953135e3b90c549d83eae9427d6dc06b44cc71e76498a0ba0c569be36a33603d9b01eb71603d5bccd7f14337f8103370d6147e080a4c9d2ecf49bbdda0c4e924cb7532510445baa5c06f0c0ac12f94e842f433e75d536a25268ffb4c863d0448843d6d0dda12d20c4529d2e4c4116052f42e53fca2f0ae87f0de504d0517a35c17897f8249ed60b185e60e0be05b24feb104c688332bf22d82ab65805b33cb811b00a7f9618d8400d4f399e247790d992fc728c6bff519f9b7909be2a53ddf15d6087038cd7e8c7e4d19fd06708a3c61f13ccee2891c6ce38b2e5815aacb0075ba9c9af977045af3a5941c64381d80f2023e25d555537e86d611409e3b97149f279fb9fa9c95fb958801e28a6acf5a384822f35f3264400db760ef0d7cff193e61a08e9961ee24c762315b6cdcb440cc0237bf034efe1cfe0f4c377aa42c9da1b42535c474cb17164a0498c55d4c21a0c84e91ff92be05234f6c71d8b618a481bbde0b171e8cd061dfcff261af78985e6ab599107d72fa7319902e03d24e04ea3cf48cae368b011a05f01907f02d4534433e35493a284c6814abde08ebf6c2bcba580107a7184b6a6318f350c834d7b4a414c970ce7c3ad146b58ae043f738e2b655e64d04252d8e71b14923dd96e9292b002d10e160cec808e67dade200cb734a43366744969d66fbe5602c9394fb3c7af4e3d1a3ef1600b148ba396f0148aea2ba0c41969547b3a070b24d5c2119f0659747d897ca47812fd1055d283e2eca42772dc350b34c86612d8ea15b02c29a540fa5410d9bfa9d25aa09b4304e983a5743da1ab465d65be3e65b1cb440e1d8244976ba62c88c56582629f72e6af1e89af8368955dfcc9f340f731561d21c0996f0621f0cf681c5d7f690c7d7f8a11360e804a95f37e04856f4288669b02eb085298c0cd1be194bae03ed2b935d67fa6bc250b618419eff714c0d19a69e2d4f581abcbad6e08b3a1a355629a2b4249823df9ea629c19cb9501d4f07719a4dff0b607429a0cc564f6bd6d8a7844761395fa4f656621516e48752f5c4fd2dbebfc5f6875092b7ae73675d671a1a404a0abacf52c372c6fe8ef0ccf62e710f5d68dd609958926b665f3a192a64d252ef925698485b21135f81c9559132e69467414e00aa0b72d4b714800761f9230ea2a1346758de562ff21c4d9194c68887387100415524a588626533dd96d482f7998f2e83d3fa1427c803f728ccf9331b31a98329f6e851009996af739ed4c1684319196a4b856c238c60ce689134961d8689a5f7226cb559e71cb4e2b38061ae62d4ca2f0a0c02c1bcac6f3f089df793a1731e74af429f7b4e4f7d949d6690cf10ceaf7ab49e3c32cfe04aa3e940f98a5462454f2c55be20a2e9869305c900a6a8011fc3fe1b2a78e53d7eba0803b68a1760050c1bf94e23589e2a84d30b32df4007716dfe886a85f7ae838995948654091b767cb2cb977a0df9fca1b0c0d79353a02c1e14cb38d3692e1ec544ebd84c5de106eb1673cbb572dafa2ccc9c2f29953903e0f92312d93abbb80571597eda963e2287759008e27a99199834ad65f18d934c02f3107c1e41f0df54c4d9a44a45690ca93058e261d71047333f959e797e0073e5024e888a105e5db2209d16f9d08ee04330fdd2e1c124de229b908d4497e2cc619e147ee2527843335e1ead7ebda6c9076460ac116f4e09a63c9db047a98a2ab6944de28a2d4453546a4b7249a908d4e035228397d6614b5cc2c513f56f1d2e9c583193a415992ab3e3336518ef4f5aede6ddb8157ddecfe749d310b637943a7d00e891bbaf4203f1f95306b2634e0a1cc3c5d56280b51877b4184ead5dd2f256b7498774bbac6d1f45d7724e69b3178ef7155cdd0b2707065c356e22f32fd721317a7c01068ec153fe00a30ea6125a7b6f0085a31dea7fef003eef75f085282df6c61395fe4d224d5ad0c45f86826defb04d9dff3ada8c97089af09f44a2ac1c7843867415e02548547ecc4981636693a8c124aa699548cb88f46928d211d5cee3e6b9169a1e430f39f524b5652ec11995dccac86d3d668a185944b38ca879056d27196db349ce6492332bc99591dc132e39871019459ead60923922943e4a6c2dda329bc45426313536a0353e20fe362489f9475b4e525b661b92ce86a4574a5446899e7199edf237297ca25534511278c625243be224f788d964d960b26c54b29c85ca3bd39a46f8e06840d7f1b6938cb6d924e733c9f9b1816df081e1cb38fa4a934471462597a0b6ea872feb88b79fe4b4cf36488dd3176e9b5a04d156538f7d3362dfccd8b75e5fa0bf291fbb6400d367767d3e5b16ec3f49d93fdbdd58ec66acca5866f19e1d723c5ee4956c813104fb4f52f6cf26ad3a9356bd92d62cd26a112283108f402ad3fd2729fb679396cda46557d22a23adc75c5adb34977d1dce70fbca4564ef8974ef6c72f2989cbc4a4e65e41404ec5d0adad8f3e962be3e6d11f3f569cb6c321b30990d2a99cdc2846f69b9ec30c184d3fd2729fb6793d690496b58492b575a933d2a60cf82d31ac7095bd0ba30c69de263ca06d5a89b35cd8d0e4afdc508efac3fb03d2bde6887ad354f1f6a35e9fd0cfd41df1b24a15dcd10162095b9c4e1d0bb2aef0471d4a458180db5a1c66f57b7835653c79f78ab6905ad7dab6ff4b5786b2d448afec51bebe1a98321fe4841b055fc498af2cb1bfeaad4e06584bd6ee1a82e3d40f38ed600b1a55353a530a4636ba86a5fc02dbc7736be3462f25489e8eeab935501fc4a0038026db02f0de25fa683e8abbaeba6ddffc087e67863433c3313e60577b42aa89f473c4c1f4b74b4142609b2941d54d5b0d151cad94155f5865b4f630750ce9a786e2debd47ac6a99a38a242e4f6a087bf6a72dba5458db4dc8156e8edd1b26e382b4f2974d5f0d45497a1f51b75ad9f86aa36347dd34a41b5e60e3d554b433579614d1c5121a578d0c35f9552bce04ac13c5da80a79649cee6d220ca9aaf87feab065d67c5f9dac1a5e5c4874490b896f9463fe62820ff92991de505dab91e2cceb52d59fe33aab02e95bca196702689d031479df34b4e5b0358bc4d3e80e436dd1cb4de9ae5663f72ca53b3cb1eea7d11deb384dd5e0bf826cfda087bf6a45606c9de468e9783232822093286423c5aeb32a689e8619fc27beea0fff7accc77c2b49fa163dda98d0b2e9807537234e14bd92fa8b3d89e8582ad970148a99c8431dfbaa3d49e83fa63e25df4a44ce488eaa989514b9ce22aa8fbbade6dd78b71559e13124980e68513346f8dbf0fb8ede28134ccc0cc3e7735ce566b2db71eec6cd9d5dfcf51adaff0f32833f20596c51156c48405e71208fe1cc73e5b3c25e0df411acec92c47105fb76159f1ef546ab3b81e38fd8835393e6ce1bb2cce9883623639a447a7e11bbc6017839b6f47ac45f3accaef4376ed543e15c87d400edfe909623def097f08ea88ec7cefd8ba20967b1476a62384d558a9ff558f91f50385f51d94fec0acfe979ed3f79b08cc80e12e7afc1f96ae4c750fcc47db33fbd740d3f2d52d561ee55c491bc0a9eeca3d75ea14c6e68f1c4355ffbec8508fe4538732d72ef3d90e4a78c23a728e71d198ce62d3d0376a39ca51cf93426f5437a35dd81d2e447ffaf3256ead45a5334f851155df9193e2342f809f70de8fd4036ecab430bc3c6a223ebf05b8316fc3689f5ba1eb9677184df613fb1a39f09da71c15f2c06d886e7d4154b386717aefa81903a630f4dc39626a853907846ef35fa407a14fc3dbd0b3aef3a3cc3889db141efddbc067b4d3b5eec61face4eb96efc95305605aca66785238c1c6f24ee7c9ff822db22fcc88f68114fe90ae79c7564f618395b38d3a1473607a47bb233d3ec679dcec4b38ec116ffc9f4919ff708fac14ac9b5c03a4fe11e6f691515ea04b3bb9bb84d20459760e735cecebf13e2bfc3f53e540c5d31f44218daa818ba62e88aa1e764e8f524432b7ac5d115472f84a3cd8aa32b8eae387a4e8e0e6a1c5d5abe5d45d0153b2f869dad8a9d2b76aed87941358e2e5c17ef0e91ae18ba62e8453074ad62e88aa12b869e93a17fe00ced0023042ff162c7d3aa7885fd09c78ab32bce5e0467eb1567579c5d71f682a2ea0867570c5d31f442185aab18ba62e88aa10b31b4847556bcf26e3aa28a9dbf1c761639b75a7957b173c5cef7c7ceab5c795731f4d7cdd0d5cabb8aa12b869e97a157bbf2aee2e8af9ba3ab95771547571cbda81ac7b257de55ecfc75b373b5f2ae62e78a9d1755e358c5cabb8aa1bf6e86ae56de550c5d31f4bc0cfdb056de559cfd757376b5f2aee2ec8ab3171555af62e55dc5d05f3743572bef2a86ae18ba184337411fd08a22630ddfc0cb187afa72d9f7b1a396c5d6c1083763bdc7992f8a741ad3d417c6f0f93ce1820d3614137e06703d7b213c91ad4f2227bb429cba1e3b3b7b355cfc58f6b2d4a9df32334695b44903eec62aad7bc18c08e7922f4cd790b5f56f4adb6a42256b71da66cfad6dcfb9b645231b311a7dc2f50d6b06c0ac4bd3b88d698fa073911156d1e8ccd1a82620703fd1a8b83aed5b58692cd63ebedc5854bc8f2a165d652c5a86a1bb70ad11f5b81c867e36ed5119541cfd45550cc44a6dc5d11547571c3d1b47bf888d6e93b0677f03eb3c92b7adc79e6a0eda96c3d4f2be17c7d145d9f63e382e9d8fc46c3c8f8f74fa937636d83ce4a8a0bdc83d3afca8211fe13e3c06651ddc894d0ce6538689ac3429cd3135c1d2f2eddf9c490337625ab0fc7a557aff65ab08cbad5859dcfbf8e477d03bd5e1c784e367d78bb2152b4bc26a0fa362554cf75e902e9f938dc664affc823f4bd2c0bc5144b1f86fd0856de8c3a71130767b0f7d5d913d63f4f9277cbf09c787daf69fb0a747a41b9bf8bba4b6f5950648dc83df18dd0c292a32294e0db40dab58a86b3e7113d30f3c1ad90a757400c7c7b5ed91e20ab2fc0e8eb18463bc1c7f2eb2f613659055e38b69c90668d300fcef2d1dbf19d1f8e02f2d6d910fb984b676c898d74bab6eca7b8ff3d235b483ed508cfa9e7b9df7f0fd83d24fb1bd17c239673ce28a9ff557909b254823bdb7616aa499d5dbf42c596f2f537afba0047fc553dee3abd41ec533e5f73820bf7653a2c7179173caf526a213f4d857d81f3c93f7272233ed337e5edefd95396f55cc837eca84769f722e8dfc9c06e33513f998cd99c7257f889e7000ff6306dc1098670dee1a2ded23fc166d459c8b8e1f19d5734d888f927a936585cfa472c8b340792fe9d697d64bb6e53d8ddd7552fbb5d43e8ae9ef7aecfae2b15a4996fe09f4f22acc1a7954aafc438c6c97ead3cb8d29ce5e7dc999efe9ea68f317618c9e64214fb87a91b35665d70658285a669fa25216b5364017b558fc8aeda85d2a451d68d70daa1a0c28b2a03a4b295d598ffc29bd4d2ef3f3844e3c4aad03c8f2c4fbca8e65235d547ef11846f6896a7f38cecf191599b5486d057569906ad545b81ce566527ceb5106eb52ddac21e42ca8076eacb646751b9a2d1d9696f91aec415f7947b6b44c1690f5fcf06c6f18da9e51d6f6629c4ebe8bc67fa98c8887ae277b1d10d35ea777373e6defe01f7e7cc73693e93eddb2d85efc90bc2656f11779cd8da93f5be8759f067e6cfeab96d2ee57ca3ef5fa0fc81cb122784bba893a83be6099da5e6424629c9e3cae88cf7a49d972790ff930ec6d10da9b3e97bd9d716dcbbfef0d38f69c300ab369e1ce2235e752daf77df4a98d25e959bccf8720df01c5d02655681b3c4741b9d524394a501b91e62825fd5aa42ab064bf96ecb9aa4a5455896fb52aa1875509abaa4a7c23558947c09ff8dce230e4e3973cbb0f9e61dce4b5db2db8d227acea2f899df3c7f1102c083da501bf31ba71c9823cd89a348f10b5208b66ac32d659e448659dd0bde06b81d82a896555f0e57d3f04f47d5abfa2920c7c42daa7d99ae9eca14ae863be9dc95f31f4ff16cee431eca7df9783f7b4bf8781b1066d3e794333ac5c07f976091f9189f15af01dc67848482d6ba59dace78787bb7e4fb8bf54f6e0bc5bca3d4734d7b819e2b1cc583c7f1cf72f93bf93e78c8e21f09f57e4d75d9a93bd0dd78afc0058ff42ec93fe539b2b2253c388cc58a8d49f53df41ad623512cf1e433ce7f81839322a93e4cc7b6329b592bfa78e287dd6be6c95d90249da1423d4e0fa35f26d3ecfc64d62029f2acf1aad68b0686503aef8c468d2a6235c2559654e6a4297eb35564e56a5095963b87f69fe10da36f61fd72fb126f51d48252ec91f53cffe176c5de53c3637f11d5a6d694e404f60d00a21e60974ead1264dc0b9268b34012ddf275d18504464124bf8c40a5eae266c28bf2bf844fcc71569417afff1ecfc3ffca8b2727a253db3988c56150334f8b37568f5b5b0baaa530c80cfddf5890390256a341fd527fbf769864aa77a2ce619a2e41ff3d55957b426fd227cf631be773952177b7d08a87be459318fc055ab2cab60ebe4935945bdb00f96a3be11dfbbf4e837bdff8720098dd6e1f954456115e906d9433d110d05ab436797c40b40e7829e38602d9be14ae1e5aea2cc1ec5fd4be527e2d1e908de5325e99a9ec3bf29f85c46d9ecc69c3dbb8979e2f4912f227acfbabecc035989a7191e81b42f15f61c5960ff5bc4d69bd396257bddb4fee35ed7a5a3de433fc15119f77cef3afaa3743cb77c2baeb54d7f16254f4b87a46fb83a1d7dad47d53d9522ad9fa9a5cf577a1870df1ac5ebec9906f4ba43f2dd189189fcf3bdb243e3bb85f6eb700632ba6f593390d13e1f02dffb94f79a9ccb3d1ee53422ab24d9fa6c15f02dba3e7b8d2cf4b3442f70355483248455c38630562fc426fdcc06c5d94601f9bea2a72dd8dd5f91a745e6db5c81d48b8ce421e8c280e2dc3ac55d0dd2851ae5348d982ef429eb6dc47401fff7e9d8e1ca75e107aa997fe608b3e7373ec367938f18d7c4ef721d893ecf8439107bb67599de206b040f43276caa770cc9de59646e537d241a99d768b6c5a01a08fe66df4dd2235352132923a3358ac7aed8dac425af5648f6fc35c86440fbe691c90ba192d82344f13e971bb9678fe2eb9095c5fc6b4c563fd29cec88e78f0e603be29ff05d022ecddd4ea5f5643a87b854f924fbfd7224520739d4a9fa57a72a20feae9167b428424a66b8eccd16f1e70483775f1e116698bb24d78cdfd78ce6e29f8baede5d711fefae10ffb2d222de5d21ae7f7968efae98ed6d97e293e545de5e21aeedc97b7b0556a2cb3dbf9e7c075cf5068bd5bec142cec5c19b06f7a98fcb8a87bf091eb657cac365dfd9f1a5f0b078ce43e061d1eb552cbc02169e1c3a40c393ce56ef6ebcbdd31e8d7d5fa57f9316fbd6a07f93562764eb273427f17efa2e8b3076f613b1f3496a4bb779dc1f432fbded116e765bb4710e47631dbef546636dd2ea36e9906e97b5edb3cd296e26bdd3edbb31ebf81118344b242fe0765edf8ddf76e0185b9decf36dcff91dae07f7d43b80bbe81d3447e3ba3f307d42a077da5acc8526bba79dbb71eb90c6bed3eee2a6d3a66f9d2d02b97d8443ef50135ca4d3e3df01096db2d569b38d8337bdb5b543dfb69ab471e0324338b28927ece145d5c9af9ddf4663cb87adc3be1eb34d07cfdf6b1de0e657078f7161bbcbbef6f072bf3adb046cbb43881ee1e0f69c36ee6b3b27b869b24ddb2109ec388778daee8e833773f4cec16f6d87beedf70ef122fbbdde75f09ade2139d43f694b4b9327a72d1ae2e9218dbfd7a5cbc199b8396d6ed1c55ba7700165727468de8de1d7685c9bd0c6671b8d6d546103db161e0fea634d6803c4b57bb483dbde569bbaebbca5ce71a0d0787804271c1e35a9b749fb1ddc7c7beb1d68ffeb3dbcd7932ec38187206db887cf0a7b659086c6828d873b24aae60101b1d346d3d8c5ebecbcc6e6ddf62168d4e15eb8e3f4b845cf03b24dfce9405231d3672a66694cc56c41c3dc3ad2416f0be484ffde1cc02dbc61bdc32d88a3d7f8e8d7c07d0c812e36a777c1ee406377a066df41a2a3c95eb77937de3b3ec571ef1dbfa38d03df8c1a6cdfb12d638d1afd83339a10b3ed35a9b3bde66b462ff83f7cdb47ad6bbec18e8e1d628163678b64faff773d690ca549f40c000000be6d6b4253789c5d4ecb0e823010eccddff0130083e011cac386ad1aa811bc81b109574d9a98cdfebb2d2007e73293999dcdc82a3558d47c449f5ae01a3dea66ba894c6310eee92894463f0aa8ce1b8d8e9beb680fd2d2b6f402820e0c42d2194cab72b0f1b5064770926f641b06ac671ff6642fb6653ec9660a39d812cf5d9357cec8411a14b25c8df65c4c9b66fa5b7869ed6ccfa3a313fd8354731f31f64809fb51896cc4481f82d8a74587d1d0ff741fecf6ab0ee390285389415af005a7a65f5920ed045800000ab56d6b4254facecafe007f57ba0000000000000000000000000000000000000000000000000000000000000000000000000000000000000000000000000000000000000000000000000000000000000000789ced9d8d91db380c4653481a492129248da49014924652486e909b77f3ee0b48c959af1ddb78339ed5ea87a40812a20090faf9731886611886611886611886617849be7ffffedbefc78f1fff1dbb27558e7b97e1d9f9f0e1c36fbfaf5fbffeaaf7dabe67fd5739aa0cc3fb81bccfe2f6f096feb9bbb68ed56f277fae47570d7b3e7efcd8d6d54afeeeff6c7ffaf4e9d7df6fdfbefdfcf2e5cb7ffaa2f617b5aff2292a2fcee518e7914efd5caedacfb1da6ff993769d5b695a5fd5b161cf4ace9dfe2f3af97ffefcf9d736f54fff2db9940c903932623fe754fec81499d7fe6c17f46bce253fb713da02e51bf6ece45f32f2f8afe8e4cf31e4427fb50c9173b515f759e4c735e03ebe3a863e00ca633d31ecd9c9ffacfe4ff977ef0ce879e45e7fab2d20d7dab62cfdcc58c9df7a00e8fb959e75c3d0734df923d792555deb3e485ff798c079f85992c776ba21db89f58ce55f6dc4690cff5275e2fe73b41f5dcd589c6d1fa75f67fb295959de290ffa6de65dd7792c97b2ac6dda207a8631c9ea9a61188661188661784518c7df9347b0d7a7fff36f2fef59f2ddfa1e5cea6bba36f5ae7884cbe8ed6a07cfe667489df096f6bebb96f7f39dfccfd8f18f7c86799ef775bec42ebd95fcff86fef3165cfef4b361cfc3a68e4d26fd77e9dbc317e46be9239dcf90fa243fce5df9034de76fa48c5c8ffdc8be2cdb2feddfdaa597f2b71fe251db40cadf7e361f733f297d89ce2cb9201b6cbeece79cf40bd867582023ec7605e751e7b40f93f667b71dda0cf7429e9916f2eeecd9995ecadf75f4a8e381aeff037568bde0be6d3f8e7d7b5d8cd02e7ec87dd0765ff7ff4a3beb78e76fcc674af6ebf4595d92deb3eb7f40b6e9032eecab2999e16f717f4396fcbf933f7ddf3e40c7fb589fc0cedf98f2272dfc00e4d3c9ff28bd57913fcff6fa9bb2b1bc8bf4c5db17e7fadee906f489db09bac5ba1876fec694bfcfebe44f9cca99f452fe9cd7f9c3fe76ec5b4b3f5b417da53f2dfd77f6ede5b5d46dd1d591fd7d3c47c863e54b8495bf317d88bca775e5f178e64c7adea61e1e55fec3300cc3300cc350635bec9bfc3c3ebf675c3df6801963bf1fb67df1b34dbe8b0bbd157fc3fcc3676767d3eafce0d609e80ec784e7dcc0f42d425eebf36b5f673fccf2a0af463f9ca3b3ab20ff95ddd776307c7cd88ed01bd87f3dc7a748bf50c6eedb67e773ecb7e32fc7681fd891f1490dc774fddc7e17d77b91f2e7fa6e5ea77d81b6ef5ae6f80fba79449eeb97f3cfecb7f335e888e9ffe758c97fa5ff5776f0f4a5a74f1d1b29ed22fbb16330ce1ccb7659e093d8c50b0cffe75af2ef7c7ee0b95f252fcf052ccef47f705c80cbc9b979ceb0e75af22fd0c9e93b2f788617d6e1ce73f5fc5fe906b7393fff1dab50ccdcaf35ddbb5ced5bbde3797cded90218c3e7f5c48d389dd4cfddf89f6700e4fbbfcbcab14c7be43f0cc3300cc3300ce7185fe06b33bec0e7863eb492e3f8029f1bdbdcc617f87ae41aabc9f8025f839dfcc717f8fc5c53fee30b7c3cae29ff627c818fc5cae737bec061188661188661786e2eb59574eb861c617f123f6cc4f75e43e395df11766badacd8bd23aee0fddc7e65fb90ee29ffb4333c335ed707db1bb6b9c26bf0ac646cf9637fc126b76a4b2b9b9ce56f7f2265f2fa3c2ee3ca9e609bc1ea5e28337accf2cff6e8750a9fc1a66cdb2b36bbfadf76b4ee9b3c9986d710c3af870dbe6b375dff2f6cd3631b5b60fd4fdaf6f9d06e7dbdd7e7f29a84abef0b9147cadfeb8eb1069ad7c47a749011b85e76dfe432297f3f3b576dc672f5359dfc1d6fe463f61fb39ffe497aec3ffabe988f914feef77a78f78c7bb926d8c721fb8565b97a2efea9fcbbfd9dfcd317d4c522d1afd1eda47ff40db9dd31fc14d6f3e4c1f14767d7ffed7b2bd28f03b7927fd71e6cfb773c01fd3d7d47ddbdecda46c6a8905efa291ff59d81b6ec7a491d70e447bf95fc0bafe34bec00acd69cce7bcd7bd9c9df65c8ef0bfb9a47957f913132e9c7dbadafcf71afa79969756d661797933ebf2ebfd5fedd7dacaecdebf29cae7e9e61ec3f0cc3300cc3300cb09a5b75b4bf9b2bf037f8537671acc3efece6d6adf679ce85e70a1dbd3fde82917f8f7d18b6a1e59c1a58f9e777edc5b691da76cc3fdfe5b0dfa9f0f744f0ff818ff95adb93f02d712f963fdfb3f13dbfea3c11cbcc7eb68c9b8723fddfd9e6adffd9e6bb3eb6d3d9466bff8cdb2271fef87ab00172adbf51e86f0939c6c472a62cf888eeada76ecd595b3b1ceda76fe63a01297f400fb82d60d7a72dd8378bfc287bce1bb1dfaf9b53d2eda7ddfabb40afc2b5e5dff59f4be4ef391fe8eefcd6a0bfc9b8937f3e0f3a9f6ec133e915e70a5f5bff5f2a7feb6d74b0636decc3433ee471a4ff53feb48d4c93f810c7083cb23fe7123c6ea28fd1af6e21ffc23e3df7e7dd3cf2bc36c77f3bf9e3c7abf473fcf7e8fedc6118866118866118867be078cb8c995cc57fde8addfbea701d78e7b63f30d78bbc1723ff359edfe0f87ae6c7d18f998363bf5da6b3b2a1780e5efaea6c87f2bca0950fd0c72813d766f9b1ff3a7e1f9fa6cbd3d9a35e016ca0690fc56ee7351a39afb3a9179e57c7cf7eb75c3b14db3f76fe6e8e97edbbf6e7923665cc72a5dfd1fdbff35562537e76f9a7fea35eb9f7550c4f374f28e97c3b2bf953cfe947f4fc347c3fd866ed1fb4ffd0f7b62a3fc7728e97f7577ecf32cf6fc54efe96d99fca7fa5ff53fe39ffd77e648e61abe798e7f2eed687dcc9df6d14488b36f6ec6dc058ff5bffdd4afe85fd907ece732ee312da03799cd1ff906d8334d9b64fdcedef157c421effad64fc9ef2f7f82fe7f8d90798fec16235fedbc9bfc879feddf8ef55e43f0cc3300cc3300cc3300cc3300cc3300cc3300cc330bc2ec45016977e0f041ffe2ad6ce3140475ce29fbfe4dc4bcaf0de10df724b58ff98b573327fe2b128dfa5f2e7ba8e4aebecb716ba38948e8c273ee2925840e296bc0ece51acfb51fd1a62a3e0da71f48e9df27778890bec62f72993bfebeeb85fca4b7c958f9176ce1720dedc31e78ed54dbc36106b08659f652d32c79beffa35f99f3997f31d3f4b5e8e45baa47e8939f2cfb151efb1ae59aed746b93896eb7f110f4e3fe57e3b3a3d4a3c97efdbdffea12dec7400f1bac492794e41de1bc7e967bbfe43fe8e095ce1fb4efde258ca4bea97732927e95e4bff675c7ee2e7327d9b36ed7dd4b3bfb7e1ef29b91edc6e5d4fbbfb72de1d5e1bccf7b36a877e8622b7ee7b1f70e6b9e2f93239778036941cd52fd02e1c9f7a2d76ed3afb2bfdc7ffa3f3b24d7bde57971efd8ffb4a59b9af5af7adcaeab5a26025b78c0dedd2a46c398f85bc12e795ed9eb6991cd5afcf234fcf557a2be8c155ff3f3beefd13f9738ee7dc649a7e1e76f1e04eb79b87449de7372a2e59e7ab1b2b763ad379653bf4f838cb7da67ee9ffdd7c85b7b22bc391de854efe397fa3e0ddc07d957b42c69e237406afe998d778ee90e3d5ad738f58c9bf6baf8c53ac1f56ed9bfc2fd5e7bb754a3d6fea0c47fdbff03c8bd5bb4c27ffa3b2f34cacf23a0fe4445db236dc6aac669d99f2674c98eb047a9d2faf2bd8bd5b7b8e99df1dba72f0dd43f44dae59d771a67ee1e85bbb1c7b8f798bbca3aef2cd791a096305c87a41bfa7def4bbf491de3bd3ee77ef84abb180c73997ac137ac9737a57bf94fb48ae9cf3ecf35687617833ff00a082fa20e0bf25a300000ed76d6b4254facecafe007f92810000000000000000000000000000000000000000000000000000000000000000000000000000000000000000000000000000000000000000000000000000000000000000789ced9d8d911c290c851d881371200ec489381007e2441cc85ee9ea3ed7bb674940cfcffe58af6a6a67bb69101208d0839e9797c16030180c0683c16030180c0683c1e03ffcfaf5ebe5e7cf9f7f7ce23af7aae7e273a5ac0065f8f7c1ff51e9f98afe337cfffefde5d3a74f7f7ce23af7327cf9f2e5dfcf2ebe7dfbf63befb0376504f4fb4746d4fbb49e959e4ff5bf0236d1feaef65ff551fa7695a693d7eddff99d5d54f2ace4045d1abd5ea5cbae67edbc7b3e706ae7ab7aebec1fe56bdf75b9b46f7b1e9a0f7905aafeaf7965f58efb9f3f7ffef77be82dd2fdf8f1e3f7bd7886baa82f0b443abd1ee93344fe9e26f288bcb91765ab5e4817d7f579eaa069232f4f471df47afc8dcfaaffc7dfaf5fbffe7eee0a3afb734d65d1f2234d94cf33599f233df732fbbb0c519edb089bc7dfd099a689ef8c5b5c733d451a9df338b47d453ea44717c8a9e954eef8a00bdab2ca1dd7541faa672d9ff17dd7fefacc15acfc7f5666d6ffe97f9dbc81ccfeea6fa8535677ec1c7a567dd12ee2832fd03ea87e813c567276ba403eca213ff715559dfdf990cfcbdf19ffef3117b8c5fee83cfa23f5eee4a5fe95fd7d1de2c0b6d83dfe465b207ffef77e86acf451da8b42f3a14e992ef0b72e2bed91b95e657f64d4e7bdfc4c6f2b5b5cc52df6a71d6bbbefe40d64f6577f87efcdfa287dddfd8fea36ee71ddfd24be23b33f7ad03696e942d3a9cd6917c8eff6c73ff24cfce519cd37ae21e333ec4f5f517dd09f0175f5efea6f19df1c9a1e99e95bfa3d9ea50f746ba5c88bfbf84dc0ff91c6ef21277d2f03f5c68764bad07232f9c95fc743fa87ffefb2a8fc3a97a9f4e9ba1d0c0683c16030180c3a38f797dd7fcdf26fc13db8842b382df3347dc5db9ec263e5c4a558cf6471817b6255feead9159fd671988fc2a9ceaee8b8e26def21abc6b6ab672aceaaf21f555c7ab7fc5bf9b44741e5d63d135ea72b7275f1fc7bb5eb4c56e5d5fcfe09e755a53f29ff563eadd293f386ce29fa1e05e77890857c9c0359e9acd281c615bb671e697ff4e39c5cc57969dc5e63e655fad3f26fe1d32a3d11a30bc0b3c2f321f3cafec4ed541695b3d359a503b53f7266f267feffca1e9a13fb579c9773d6cabd561cd96ef9d4f52a9f56d91fee58f923e5143dffcc46c8dcfd7faa03cfab927f972b5ba11aabe046f47ec5790548ab5c4c977eb7fc5bf9b4ce4fd287a38c680ff4359eddb5bf8e199ef65407a7f6bf15ea6fe01a9477af7c536617aefbdcc1d39f947f2b9fd6e929b3b7ce3b1917b4eccc4601e516b3b43b3a780dfbebd8c9c7f7e2292f884f53ce0b79b2eb55fa93f26fe1d332dece6503ca295665332777ae94e791674767998e3def4afeae5e83c16030180c0683c10ac4be88f99c8275206b98552caa4b1373db1dfee71ed89135806e1e59e6ae2cf706e76258777b0c7f05e21facbf77d626ddfaf599fb1933ae51d79481f84eacf0516576d71f098f5d07a8afc6b7baf6af676348affacb9ee719ee69bd9df78a7bee97f4cc41a6339ee9f4497ff33886c768b3f277f2ca64ccd275d777cbc8f4b883551c49f7e457e7719483f038adeed5d7e749a33e079d2b97a3f140e5ec940f7099f41c51c59fe1f3c84763fe5a97aafc9df25cc6aacceafa8ebcc41b55c613acecdf9db7045dccd2f92ff83aedffe8cacf3364e73bc9ab3a674239c8529d8dc8f4ef7c47577e9597eed77719ab32abeb3bf2667a3c41c78f91df8a67ecec5fe97fe76c11f9faa7cb1779d0fd8ecfd2fe9ec5e2b3f23daf9db3845599d5f51d79333d9e201bff955bf4365fedfbb9daff335d55fd5fcbeeecef1cf4aaff6bde5dffafe67f5dffd7b2ab32abeb3bf2de6aff808e2d3e86e19f747ce9f82b976935feabdc6eff809ee1abce9f67ba5acd597c3cf5314e79c5ac7c4537fe6bfaaacceafa8ebcf7b03ff5aed6ff7a2f6b9bdcd73ee43c9acfff3d8dce917d4e9fcde5bb1881ce85f99e0119fc3ee575e55779ad64accaacaeafd2647a1c0c0683c16030180c2ae8dc5c3f5738c047a392cbd71f1f01cfe20259bbfb1eccd53a82fdd2cf441567abf663be673c8b0bccf6322bb2b880eed9d5fdff27eb57b515b136bd9e716ed89f7b9e0772e875e72277b83cd2546bf4ce2e991ef45ca072a495be6ee51b4fe0fbefd53e55ec8f98137e638723543fa3f12baeeb9e79f6ef7bbc51f9c22c8f2c5e9d71461d2f58c5fb7638ba2ed6a96713e1d7337dedc8b8e2024f50f97fec8f0c7e6e25e3685507de47340ea7e7f8285ffb85736e7c577d546726785e63ebf4932c46edfd85b6c7f915b0c3d1adb80ef2abf4b52be38a0b3cc1caff232b7d2fe355773842ce52685fcfcaefe4d17cbb3333210f6d96725c3755398c6deadf287bc5d19d709d99be7665dce50277d0e95bfbacfa78afeb0e47a8efb5ccfabf8edf5dffdfb13f673bf52ce76edfd2bd03da6f7738ba5daeb3d2d795feafcfdf627ff7ffc8eee33ffac74f56e9bc3df9b85ad95ff3cec6ff1dfba323bf7665fc3fe1e876b9ce4e5f57c6ff9db38e15aaf5bf72de594c80ebda6f3b8e10f9b09fce31b367b23970565e9547b57e3e995b5fe1e876b84e4fb753f71d199f1533180c0683c1603018bc7fc0e7e8daef51b892b7be5be31eefbed7d8c00976657f4f5c146b5e3800d6948fa803763c01eb5a627abaafb2db075c018ee1141a4fec70a58eaf056216be6e247e16f07dacbe0ec76fe87a953318f1d1980d6d4be30be8abe37655c6cefe5d5ebb69b44eba0fdee5b8571d41f6bb23b4f7788eeb94abe90291e66adfca74c4f5ec1c0b710b8db33a07a3bfcf453dd00d7a25d685df71f9294363f1d55901b545c5d1eda47199b4aeca795247fd2da12b750c280f4b5c0ffb68ac50d31127a5dc2a5ed8a1b2bf5eafecaff171da3d6d123d797c4bf3f2f876c5ab65fc89db5cfd9872c88a9d3401b59fc71f3d8e9bf17b57eab8fadd31d2fbfb049d3b3dddb7e5f2781cdaeb1370fb3b6f403efa9b94c898e906545cd48efd2b1e43b193063d2aef99c9ab7c98bf47f04a1d4fb843cae503575df99615788e312eb399efb5a00f395f459fd0b1a9e20dbdfd56fd71c7fe01f57fcae32976d228e7a8e3a0ca917dcfecbf5b47e504f1f91d77a89c9feec7ba021ddbf4e37b2de2836ff4bd1cdc531d64d7955fcb9eefced783cafef832e5d41d3b6954269f772adfce77fa87b799933a06d406baa7c7c767d7adb69353fe4fa1e30773ccecde6a8fddeabaef255a8d5b7e5fcbaf64e9d6aeb7a4f1b22b9d9cd6f1f4b9cc775dd9ff37180c0683c16030f8bba0eb185dcfdc6b1ed9ed498c7590be2b65a74c5dab12efced682ef016f415e8fe7b0ee3b3d4752a1b33f9c00e976ecafb116d63b3cf716f47982b7206f168f244eee311be7b4883d3adfa550ee56e315019e759fa33cb4c7203c26abfcbfea334bab791343a9b8182f17f93496a31c72c729693db5fe2a2f7cce8e5e905dcb51b94ed09d31718e47b9088da5773ec3b97be595e10b3c46aaf5f3f38dcec156fe9f72b232bd6ed9de6c6fffd88dd8a7c77cb16db66f9bb60227e27162ecadeda2d38bcbee729d60657fecea6566b1ff158fe8360a3007a86c7a929f7341de5fb2bcab18b0ee0fd27837b1d6ecb7a32aee557d8deead52ae25f3192bbdb8bf43ae13acfcbfdb5fe709b7da9f7e495cfd51f6d77eb16b7ffc0679a9cf235fb7ff6a6f077e447955e50fc0ae5eaafa9e6035ffa39e708cba07e516fb6bb9ee876fb53f3aa41cd5cbaefdc943c70eb5b9ee77d9c9077faefc9fcbeb3e3fd34b76cfe53a41b6fef37d453ab7c8ce5fab6e1c2b7bd1fe75ffc33decaff3bfeadc72a0b39bf771cd93beccb35d3e3effcb64d17d182bbdf8fccfe51a7c4cbc85f5e2e0f530f6ffbb31fcfe6030180cee856cfdb78a6580b7f4aef98e673a85aed7baf1b68a9d9e6057d7f72c33cb4fe33fabbd91015d97be055c39fb5081f8d7ee7ecd5bb0a36b4fff08fb57f969ec4763157ec629e3081dc42d3c9e0e77a6bc2efd8f3371cc7d950fe39e7f2776aa75f0772456b192ac6e1a93d176e1f228b272b2bac2ffb8ae358eef32a9bd88533b57b88bcaff6b8c5fcf4bd1cf94f3ad38422f07ddc19d68f9e845cfd5a01f97278b39ea773f7f4b3bd2783af2781bf0ba053c96ec7c40b60fdb63b3c4cfbdae1587a7f956fae079e2c61507bb637ff7ff40db968e531e77cd3842071c95f271aec3eeff5dfba3173d8fe93207f46c8f42d36536567d65f6f7b9889eadabf252fd28b7d8e9c3cbe1de0956fedf65caf65a541ca1eb8434ddfb1fef617f64a2ad653207de92fd2b6ef159f6cfe67ff842f597ba8f029f547184ae53fc7fd7ff03bbfe0edf94e93c9bc3eff87fad5b26cf3dfc7f66ff8e5b7c86fff70ff5f773b07aee50e7291947e8e5e8d9c1aa7d7b5ad785ce33abb3996e37c56afe1770fb57f3bfce7766e574f6efb845bf77cff9df5bc7bdd73b83f785b1ff606c3f180c0683c16030180c0683c16030180c0683c160f0f7e1117bd1d9fbf491c17e13ffacf6bdb3c7d2df6911606f4cf679843e756fa9c3df695c7189ec4bf37c7dff08ef00d20ffb379ec953767539cd47f7edf1a9ecafbf63c2be23f6d9e93eb72ccf6a6ff0adf2777bf5d586fa1e1087d61bddb2874cfb04f93dab6d57e8eaf2c832755fa4f68dacff38d8af96e5e99f6a6f9e3fbbda1bb26b7fdecb44faf8dfdfb1a1f67f6dbc86fdfd7707d43ef4c30eec23aea07da9dbcb16d7f5b7453aacec4fdba14f3b3cffacff739dfc79979beea1d47d9b01da9bbe6b897d7efa8ceeb1d57cb54d9286ef273819435417feaea1ac6f2ba85b579efa82ccf68cbdf8865599e4a9efef5199f5fd7227f6f7bdee5ce77fad27e792749c5459b8cf77f48acc7a2e44f3a53da8dc577cd3c97e713d5fa1be0079aabe4dbbdcf1e7d9d901cdc7f796afe4c78f6bfe0174a7ef62533d32e6fb7ca5d2b1cf79b44eda5f7d4fafee65d7f994e691bddb8ff6e0fdf0744ce09c53369f716043ffedcc6a1c66fdb4339623cbe9dcb0b33f7ad5310bffe9ed48edaffe5df79a93e789fdf55c22ed57cbccde5de5f3accafefc4f3bbe322740beece3407e74471bcefc3abaabfcaae77be5dd7581cafeea37016d318b15e899515ddf50579d1f56e71b32fb53ae8ee57a5dcfa57a9fd2731f9dfd91c9dbd733d0c55d76e71691eeaadcdd7877d29ef4dd3ada973eda798ac160f0a1f10f88246aa2eb77bd16000004796d6b4254facecafe007fa2360000000000000000000000000000000000000000000000000000000000000000000000000000000000000000000000000000000000000000000000000000000000000000789ced9a896deb3010055d481a492129248da49014924652883f36f8633c6c48d9b164f89a070c7490e2b1cb4322b5df2ba594524a29a594524afdd7f7f7f7feebeb6b4a85df83b21e974cfb12e95f53559fdd6e37e5f3f373fffafafa737ecb75a71e55d62d55be7f797939d863ebf4afadf4fffbfbfb2f4a75ac7a3fa3ff69fbcfe0ff993e3e3e7eda0073016da3ae2b8c76c17585d591f815cebd599a75cc38b3b4fab3754e19d23fa457503eca314a73a48a576956ffe7fc91fd5f754bf0451fff89cfb8882f729cccf9a3c2885fe29a674b95575dd7b19e99cd45591ef2636ccaf32c5ba69f549c591b48bb54becfe0ff0eb69bf9ffedededf08e887d78a6f7c74c237d419b20bcd2e29cf647fc9e561dcb37bc97915ef77d3e9369d29ebab22de71cf8e8fe9f69e6ffec3b7d9e4c4af8b0ec58ed26c754ca50f733fd54de23aff4dfa81d67ffaef04a1f1fd6f96c0e201e65e4fd27ef3d8ad6f83f85cd986fe9e7f96e80edb161f6ebec9bf4bd7c37188d15f93e9afd3fc790f4559625cb3babef128fa2adfc8f2ff16df6b59e4e7f2fe8e3498eb5d9f766f351d683fc7a7bc8f13cd364cce936e964996ef93be8afdacaffa5b251be03966dfb7b7bf735ed24fdc0fb0469d1a678e614ff673cc624f222cd5ebe253deafcaf94524a29a59e5397dae7cd74ef652ff9d694eb2097b0617d1bcdbe6bfaf7d45fb5f679b53fac39d49ac96ccd7a8dd2ff7d6d23bff347dffc4b6b21ac9bf4f36b28cb39ea47fce331bbbf94dee87a96d72cad51bf26ee6ccd6956e6bf8afdb2dcfb235fd63cf29cf6c233b9ce9e6d24f75e39670d977b3926b077b326bcdb3acb99eb89758ff566d69afaba5285f73ad6bd4c2b6d57c7f41990575ea31ea7c47a25f74997bdeea5329fa3ee976c6fa3fecf5a1bb6663fbe6b34f657bcdcc72de823acf3ad093f562fec97635effb721f721107b1975ccb5cab455a6d9f31ad9b7ff13419cd1fd91ff47653e477dfe3fc5ff197ff6fe9076e29cbd198ef833ffc958137e6abdfa9c977b02f87a54a7f441b74f5ecff2cab0d13e13f7b33f739d798fca7caeb6f07fdf47299f50a63c2f31d6317e3296d19ed7869f522fc21837f88f001bd3be10736df77f1f73728ff298fff97f22f328f5fbddffb3329fab63fecfb91d3bf47e92752df5f1297d83bf88cb3cb655f831bb6718b6e4fd3ae761c670e262e7b4357b9df833f7288f95837f6bf1216d276dca9ed9c8ffa3329ff32ec87e5bd6297d47dfceba628fd15845dc4cafe7d7fdd9fbc19a70c296ea9561d483b9a4fb37e7f2d13718cff7e74679f530da40df8b4c1b133ff39e95b9f7b54b6869bd403dbef4bf524a29a594524a29a594524a5d4d3b11111111111111111111111111111111111111111111111111111111111111111111111111111111111111111111111111111111111111111111111111111111111111111111111111111111111111111111913be41f87978e6ad93b8e9c000001536d6b4254facecafe007fa5850000000000000000000000000000000000000000000000000000000000000000000000000000000000000000000000000000000000000000000000000000000000000000789cedd6e169836014865107711107711017711007711107b1bc810bb7a621ff8a09e781439b4ffbeb4d6cce539224499224499224499224499224499224491fd1711ce7beef4fe739cbb577f7bfba4ff76f5dd7731cc7739aa6c7cfec18fd2cf7d4bd7516cbb23c5ec7300c7fbe8774efb263957db36176adcdfb3db57fd537bffe8dee5fb6eb7b5639eb9fe57a9d7dfbc6d9bfba5ed3fdcb73beef5fffd7e7797eda3fd7ecff7d65db7aeed7efdbb6fdfaccf7e7bffdbfaffa1ed7f7abf740aed577fb9c45d59f1dd76b922449922449922449faf7060000000000000000000000000000000000000000000000000000000000000000000000000000000000f8403f0af9acb852da2a6600002a176d6b4254facecafe007fd4f00000000100000000000000000000000000000000000000000000000000000000000000000000000000000000000000000000000000000000000000000000000000000000789ced7d2bb8ec28d6f692482c1289c422914824161989c422239158241219898d8c8c8c8d2c997f51fb9cee9e9ee9f9d4ffd4885a73e93e557bd709b02eefbb2e54e6e77d369e00dab3912dc6d7466087a3c302705dc5056b00df857ec3f3621de0810a1001b60a1bd09e24c177dd93d9b184c1f1cd7c73fcf1436f00959bdd412bd57133b6be6c4f1514e0789d40e128e930f061b9af2b3ff70912a0dc542ca45f8d03af3781b8735c9ddbdecf985e426c3129fc4311f395d20f0f2bd46bdb28ee46794e2238f596645043cc5f3916c8d23e4f0630266cab34b88f496d2bfeeeeb6e9077eedb47178f72c5b0f88d99e0013c51aa8371090fd114092baf97b28548937d0cfaa1aec165a1b71d7f718fb9ae7e7e825b292ea335638389362cd6fab8c5c0c1826d0e9e1d04754fa0f8efa839705cf8d3fd3c2f1b0f2f3fbcfcb7b84ec43a129e934dc29b057029b6152015f6c49c2d1cd51e3270c0270f87754b716002beb4cd5fb7e0dae6c01fd52fb899fb36fc341d3c7e00850bb41e373753ea1b81c7e14eddd54251d7e1d6edf3eba7a894754de0f77b8f8efb35c8252e42a64ec98a0b186b3a18096b9b4ec0bc6d8139d80ffce7022aa7758155c57c32a886d9253bd1ef11819bab1db85d46e161d79229cf0baa524525485763304d6703c63ebbf8292f746968936698f5d509d1b858863ecaca1ca812cb45cbc5f2e3291596d43c0f2ce936f67334c5e1c07fd6359b7ae062f03fa4a24a1ff0e0f65c1b3c194f1c4d254f232837e436e03aa7163d099daaeafdd38b075941a3f7c283480db6ab08904ca073369bce034d8358eac8f94263589d26c7984abd13740465bb2ecaf612fca8cf09332e186a652894cf3fd43c3f9d2d31e924709d4f013d00fd7f78141a128c0bffdafd091f5d3c4a74c2a1b756679b9a607c492c3ce4b8957de046f30e516a5dd06f255b5061d1fd018836fd18581259bfcd3ce117aa3f10a8596f680080469e17fc303637e181ad1f364a46f197475bf085057776299acf373f2c1ce440778e0a8d066e4de0c7a6dd136dcc05ca6b3e3ff5e8c94cda6aef0fb3153d80dd0fda2577835a88697a465478068110f484241181af6b50f6389b45b7906df2f8096a414f99f1d4d7fade80ab9e1c3e7efe9286e5dce0d88691ba06e94239fab5e209860bd6a4023855adab4b1c0e43c376b46a62eb0f4c0be8e5e743bc02ef8079af05a10be71e8d3ba46d176a0b502ed4052097f8e3ef446bf115c2ea77fea155ff45c2c28033f4dca8c1949195923878eb55c0854acafcb973128fa312899e5c84b3080ee8c99f8e2b3b067d070473ad184610e31d51281e4b49adeef7a658dd9b84c6a80ab9310bcbfafe2b4b8ffaa8e864588c1f5d3b4ac4a38eef63088878249da744d1d7b7de0f109ea213586069d71e20eca8ebd110406ccc8ffb726eb06d2481a8c65ed739ce84ef7a4247cf9ea0513d15c66e6610e46b8444eaf6ac653b0a3ca8fdf81661d3fc3e2cb5e2a29e9b6ac6ef6b8730429f5b7028f5e224bf1d00ba87c7a091dbf6cc70fd340c6ecb19cb71609458c693f909fa76cfb5f6e818d92e78f5486e8cfb8d6f729f4abe80cf35acf1c1e0ff48e01c75a989f1eaeb87978f0b66e0a7160cedd7d761ec189586895b5a17193a3e3cc74d404aa339f302fd02ace224d3715d1501a1007d3d4885160c6b04d0fe33c6ca18bae3aff9e9b2ba74bf51933d7f82012c0937c6c706b5dfbbfdeceae7730dc43e90e3a233f8b6efdedc365ba6d16795a8970c524c8dd88daaa8f911ad3f17b7280c8d2677dd2e3743237e427b08825dafd30ad7e29755d45702b20c3799d2317f6a6b7e8265946347bbbf7216cbc7f91fd0e344d82e1b123df4cb4bb4dceeeb08c540dd57ddc7b14d1203fb30e5809003e3fbede8e4bc30ce5c06daf2787f90f3ae76cf71df4e5aa20b3e2304c60d83848ce04245970999a5299582ba2679d8417d74e53f42fbea0b59ec6d28c2574970e181c9b1f280f10bb87cbd32972be8fde05c32b7f620edde29906cdc38b7d6746c18051cc1405a2e42bd80a3ef18049565f1858b8d835253dff481c6836d3e64984981e9fe6cfef4f2274e0d618664c4a24733b9258d86bc23ab293fe8bccf240501731f1cdf09035f353d13b2ed591cc74252232d6b227147502dd06512fe22e766adc108c2e125d6a92dcf93331e37ead0e4ccc838d44d39991981cf8a198a2c1bace8e45f2a6e3b4882c1fac6451642c6b1861dd6636cbf7ef8ceeeb1e70dcb9d5b838e2f73619f67b8491517450832e52c7a03d231da1774811b3a926b4cc6d3e7cec106a1cded1cc899080fe5a38b4729e61cd47b1237ca6ff0cbc56e64a8f8a4e8b7f0e1957b4072f550983e10c66bc2778c6bd7bdbea10b23b80f6b581766799112d645c7f79ac841a9cd42c239c2754d10b0dbde34503db95f04d36c9290c667578faed887dd4e9514d523965f6e998747efa47003700b2c5a851e12ff55759b36c893f7c356a69bd3b0b8e530454b91372a7cb7fd185daf7b9dfc3735465ce9d4b6bbfa7a51d815a07a21e182c70709751548803eeefff3a675709ab2daf6f554d9a3bb6f33502988f8b45be05ed536e3d6daf3e360202d9a642612e12a3db625c4c0ca6659923cbf5e9283d8b7605f369da8dfc87c681db8cceb0533d8a13e808432201950ba10fa71ffd7370715cf8eb30bfdd50efc2c4e73be6abb46993d42b58afc600ba8ed81b39543a7f2f604698e5592290152e9908f404cc5df06d2ae848bff891d02b7c7a76d623c32134648935271b0b21cc3b946bd1ee5e3f8f7581cba698de48eb2f54f6dac4741fddd10b7f4d27d3ab62a1abecb13750cc46605d83a1d40caab5248992e03f2d9ef8ab036c2f1bcb1c3368e6a90e501a763e6474f704f2d0d10faad361d4817d2fdfadcca7f4b9dc94ae6db55c0ceec163aba4ac783be9d8afdc9763c677a8ee38ce804f120f1ff0831462a716d992d3b930d49f28d1400370d3f03de1ee24fec2859720dd96465c70acfc94606ca170de59909d2fad1a5ff9672c5d84896101fcbc161ecc7c7dba1e8a53e18c610002ca195b8af33ff8b1b44ec5a088bb945f1cac6ae01d27171f0ecd837701b813fb883c88cde4bac0690f7c5250ec8a724813b0fe2bc3f1efd51ac72188d36b37050033760bc619986b8e95e3d840784fdc952e7b65f1786f599b3296da384c73ec04433231ec2a30cbc5f270de749fec21dc9ad750fcd8b43c1ca2d528d6e1065e3af84b3b2cff31f737395c0ee4ccfcc3cc8ad2f13b5e01b52297c4c745f31bbe9f2c13c75f57d450a44c87a6cc2f1241448d3110e2bef4e081d5f1532ecbf73076301dbaf2df2724891562ea019b3a588f41affced4d68f278091ef8c9985287d0be06f09b2ed3a5de8aca7db36a746686c77b186bc408cd27ac67b36ba505f993f0c01b60d45eb1bd2dd18d068b3a2f6dfb9a383c376a2e64bab0c2ffb42e9224dd2feb2683bc0d7f1f1fa17e704d0b1a16fbfeb296752026d20c324ac35bf2c2094458378fc283faa3a13b667c055ebb5851746bc349e99eac02009e8e01608f3b5dfb9c345348c81062196b3713f106ce4980790f541aef50e889f165976b4ee733a6d521eaa284707ffb05adf79da4771842b773011294e7afbf6e7e1758859f42dc52695a78fe8c022a25910093d274986fdce1d8338f0b7e8187bbb996d881b4c2f7e84b98f1983c221fe8fc7fbff2ee342efaee0d8d1cc413da89ef8e7bcb15999cb0c7c7a04f4f03a66891b23c2ac7f6f68b932586a81f8c7bc497c31d6d869331341287cf9a776106631c50313a5d60d4e4b80889a4cc0cdab1ada2e9febd3eb3fd272d95dc3714253a05e236f16f2fe2e6c8025047a02e2e2818b0dafc4f759d2e37e6988e4948350ae008871101eeb7526372884051cf9553b4202a1926c207a46eb78d78e06b381a28b4d9bf7cbf20b2c7c50660c56f5d6a0f66b8291279b4ebaf462cc942fa124454e95b9aa0a480341d769defb510b3d82752d1f2f54e65141443993a3a8d267d5ec57edf0e025595aefae5c809fda61d4a5a4e335904fad6a72a80fcbd1f1a9f8752239e3d642d87a7083ccacd6766ca5ad6c3d0b83108f1e15c9b859ece8c7799f15dcbe357403fd85a6d2110bd76d4583817a9e2bfcaa1def4d1bb1be8b3ea84cbf6bc73d8b72720c348d03f9eceaa7fc142f67fd0f9a45c07212fec07e508618a66e42df5ba0ae5c675b157ba1ab8792671aa3e359db0376529f57271b86870a7b4665b06d31efde018c7b0b02dd77be07034cffd53b901d37a8262491e7fe78fa63daf8c3d0309f0b818e9e6eddf689f3ed2611fada75c540357343e81443d5b16d9cf11f38481883e36566f1efb9c6740c92ce3c504a5afff48eb040838fef90f9c8dcffe81da1bb16349d4b7cae8f23600e177d17619f6b11524ee2ffa027977e495521c26bf2570180814c8c9b5ad7f54498044e4b95c1a505f7cca155e3060ca39ccfc4f7fddd3bb49a67cc12ef4c7e61285de5afde21426a76e828d166f2c7f51fa3bfb9f45cb7f342e5057d92417548f752a1a4a01106ce0200d567ebf798ee1a4d1fee0ba83c37870c4f8bb73ac8edca5bf76d3675ed76f68eddc73b338ee6b53dc8fcee771de9a7778c6e1ee8fbaffff8fa8f9704a4a433704bfece4da2a4b6a583a8ab7bf32e00740bae22a103f36e749a1a3f13e0eb8d6469f1b062cc4336b3f33db0ca4509b319a01ead1ed50e852c80a51bd1ae4fc80ab29cf530b968fe7687cb47178f923b1e3dbaeff54d5625a513f6f79bcaaa8872fca700c0e4c2349d48180d1d3872e4d9d4064bec8d80c978baed411cf43aca320dda1165c02ea9ac01d7dd9f304e3c679debe483f8992788a6caeecd36a3e98725c1c347cc31d6d6b76d7deea15e6aae6eedd2bdd353fd300c437a018bc7ed4c588633fd9cc85583f6844d3b5e05e2fe5e157e5863b0bd8e800161011ae876034748057522e1e70d318af36b4ed74bfd54823f2c88d9e772833deedc8e86587d364342105736dbbb009046df17a85cee33966d7b34215d39ffe1bbadd7dc4a346ee914d813354ad373847782dc5e0caa449ff768a80f828df48c7af682bbb6a3dffd38ff95e01c50eb945d977a9d17f0f3ba31b61b78a5e27e1700fcb54a382363be2581cfbe13aeb763467b64f3971bdddf031dbabd6f1df7884077c53089517350afe3b9129a5f15cc81ce203f0833794232c4907b7cbeff0535b3a7b8877dcb3e787b712861bfb2dbd18261a13f05808ed0fe519325f2a7cc6cc1acf634f482a4cf82786d5749d7868047edafa643e81ad2f4ec3112ea129208db126bd751d6fd8c33694a681bdc2cc7ff80fae3fa891a4bba9a5288f7c5c4f0a215c4c2c8f6c84f0160fac8e785cab2bb868f3c21f38d5b109eb84e77d9f4b661c4dcf8b6a25a808ec078895c5274769a01d25e5a4aeddd615c2801ca1ec85a995045968febffee20318a9adea305a1688ee0f79dec790630f75300904c21c8790ecd5103500fcc9e10ed235240d3b12634af619f3910022732c9019ec48be0b64915ac45c73858c9f84972d5c40a34a813962a799efd621fcf7f8bcbbcd31a2f23890d78b0ddd1dc3bc632527e1700aa8b01f5e219d6e14f37cfeda268ef93d598558ef35e08a76b04f40dbb9aa5e3a728e4bea02ca5889f321887fcd729cf4307f73a28d9903b971c51333ebdfe34e129fa2588f9d46236ee17423801fd5ca0141fb30070b5f59ac9ecab653ceabaed53e9b9109082d8ecda2bd36a73f0c4708c84b808df253c2619747b333f8ca308ac7c4e06297037116299d4027feee3e93fd461a469e44413b5576c087f921601a1bdf08858979f02c05ada3e3b75f89d29a46b6f03292357e1c8cd539a6eae6352bd78f4947b5bc073587631a4ac393589115fac1aac304be918f5c1188a11b6d59937da3e9e005470a135878bb8d9b4a46c1a33a553fc22d89dea4ceebd885890ea85e79dab5be1356df6a1f80e0cbabf51003d22757df691c670cf982a788d62f6d589baeee397e323694d2bb3f940bb5a219009feb7cfae7e6ae0d25994ddac151891a1b4d2241e3f358a95a06d0674ea75885d2087258e408ef7dd853a0e346838db83b898a1bb7475ec1733c03bfa0ace914fa431412f728bbf04be99050a1bc611cf522a35c0c7fbffcbec69dc266a2304591e323aba245a082861ad64e640df3e277a0a9e140684d74c10acafb3acdb0217eb87b6a9bd365a90d1c0387c601bc636dd2202e58c580131df5f800f7a0527100dee462da9f7bbd18ffb3fb0fa585e02f20b413a3f3108a2073bd8cc682f4b189e564227f5070cfc764f6e121f19cf044653f282bcc90cf506c6a4eab0efccde517b3d6b683799c0174de5afc0775851f970fc5c76efcd93ce4f2fffb62ec5f6daf1b90af48d4e33b7cd484b52f0c96c8a4b96229b711d0ff2941e895e57dc04b36881bc317774f91ee3a00b68400702a7acd133f065121f36fe4e7c969217b6c1a98b493b79ee8ff33f1f0338745b06835be921910bfaa5b5242c1fceae4cadb76596228f057aa6e52549de8641ea6bdccc171152e46c213375fa38e0da817913dfeb3f135f9e57c5e9bd2983416243d2f5e9f54ff921727abf8461a2a43553b1cd6ed697a3b3881123c2143cfd3433798fdc3622aa15a0d252fdead1f4df834381825104e5bf263eb85b8fbc230a420048cdc7bddf7b76a165e005d76b4fc3d754c96c71288f554803f0cdb5688f0f0cbbdd943810ba2c4074b0b5f6c8c3d5824cdb7b7008b41995fc1f892fd82acb4c228d14645f790c1fef7f9f6b2c34ee0b47cc96fdd162443e2cc1cf2e6f6b1222fd443b867c37965b2e151cb544d643ed17419c9f11e4238969c7e6e96cfffcaf89cf9fa149d6acd016f208e2f3de1f44bf71bd5d2bde1865450995f2965fab2d2da09983a60bdab063a91c9bb3e8e7805ef8bfa54cf4129871b1317e11eb104390df4393ff94f89e439339a18e08674e8d11e4f3fdfffb1a93f548c8043842166b68eae7ab4ac18e235aa42d60fa56816fa7994dcb61203972181117240013eed5ba14035a2dbc68f36b68f21f0a1f3f439324b709fb5e96f174c48ff7bf39642891381650dd855ddab69aa3d7775b12a201776c18e9cf3bb58c6495d46e97d786f46fce4babe88d64f90c481aa6de842844faaf85af9fa1496efc49cc204defe3fc5f2800f981bc0e19f01a9c9218eef035293612482ff6f5cc59cd3187b820b15152e68c6b1f2c6ecbd6fb5848bdad06ca89f00e9183cacb3f143eff189a6466930401e72636b37ffcfcbd5e457f154a966d8b1214aae974dec87ba54397b59bbdcc43ac026360bdeed930ca85761e351dc3c2783ce483f35c395902b7ddff63e1fbd7d0e47d31da303622d7b421d68ff39feb39ea646c3a27960cfb314822c13c484eb602265d0bc435cff68f36b639c7211649ed313b2290c91ef8ee597841cfd74b2d9779f57f6d7c687f1f9a0c641c0da2225df0cfd7ffdbebb90855b92e616bab676262773234ac8da6fd9883c06a2db920510eaaccc2004f64962dd604d6c13a4e8a14096447a797cba54dd9fea5f1e5f8f7a1490956f8473db357f87f21017236e99b77d14833f3b118bb16fbd27022f11dd7db8b170c01b9a182a32367362a78a5391ff0ae84ef6b7b4890ae3c5790a8f608eddc421651df8d4fe7bf0f4d560411f9857b4b68f59f5e3ccc467f1589570d1d3ce4b54cc086c7fd3a77247cb06f59809c2d515d3c13caabcdda21e121e59eb9fbf046cf1e7140107d3366a152f8251dbb988d6f15c4bf0f4d8ea3d00672af44f5f2f1fe0f2bcb4e7cec59cd59fc998e36fd6a1b97720331d131156b34f8fa692758c919fc66835c3adc65aedebcf720dc7eb950399ae5d231eddf8d8fb30af61f8626378e3851a1617065f5c7f1ef86e8f6883520396f73a64dda799709f54b042dd1db758aa4751639e6dc074264783748875699bed6d826a65f0fa8af9d2143f2a36c0118674c0e20ff303489b17fb77953f702a57d7cfe71d9b3de6bd0f0ec01d9facc62ae733a0166ba272fd0fc82c00e1de3bcb34021fe5d25b983dc7a23d73dc44aa473c76033977f5720657a3c8d504947f20f439382aefb30a840e834edc7fbbf0b03d5de1efb35b8023567b59578ff638eed54bf47f4dcfb5519f423af52d41b4343c63f746478c71cf486f84c608cc68138a7f5ebe964677354e23f0f4d367d2c0c025f9d9a93201f965c826bd9ac04def89e6c74ce846caf73a08b3a6d2232d7e335b76201655c5d085cf20ccb9bdce47b7861df4c6fb98b51d37f6c50774b378dece93f0f4deea589005e612cd51f5ffe6c6228d4c031873ff1bfeb8306edf30ecf33931d84dd8c5e37a2dbf63af01085cbde83c3c35eba7573accf9a7142b9382ac18de8688047788c1fb059fe0f43936d3502834d7eed7b531f67c0396ee8915258961d437d5bf9ab8b179f68074fce74439b9731235733e8072a9afb3a3bbd265f18874714dbdb82b4269c487c89ddd0e0c1e835824c9189ff3c34c983eff25c6205a6fbc7fbbf861197443f5d664d7b56362a8253e43c879bd9db65998d302ca021abd80d41b4cbd8bebce7f685e4a1f68c4bb8089f6da49c6d9dc1c6df8dc3728b9dbd4ff76f4393ada49afcbc32890a081ff77fd6e12383c3702724b44690cbbf4021d27b309e17568411a65957a9d8c26f65ad2ca98a27aa8b4827babff760e772fd31cee2dae81583239acdbf0f4d5253961add101359ba8fdf7f925a421dd068c47c9678b2b748f3400d36db597a69571f6c84775113c10c111ce17d8279710f1773e0adecb32160abb31f7e7923a22d4f18dd0bd591aaf6b7a149a25895f7906dd6cb11147fbcfe07f1a8cc79cff181d1f59f7ceffc2a306f40a2811b5ddb93895e2860500f11ca71edabc28376b6ad6566b701e9cf76ee279a4f413d4280fb1e8c83dd8270e4ef43934a230abca8100cd69e9e8fa7ff7195e635b10d52d1c3ee17ba80eb81775626ed85290cd4a983d96e40706fef8de7b25dddcc7b33ac76b63a0bfa0e18c7fab586dec35991e8cd662a6157efd25f8726270a4a6b306ea589a2af44b878e88ffb7f0b945c2f4893dcccc9440ce17503ce710f5a965cda8c472be595b5580b7fec5aa5543e7a271137f951878171119b84b98ebeb9c98ced02234be2522ef22f4393bb0756d6dc67c751d7c8aca8e5e9e3f31f5c0be210ec60b8b73f64dcdb173179b394e5754ddb36c6b5385a585d38c3f85e7085aa7751eb1645bee70d2608ef8c87ad3116667213529a03c14b69fbf1e7d0241047a416ce13d3f0d4dd9c9d8fdbc701d095181e8caff068332781c0aec2f894b79306c77bbc1c1401b19a1e1e3b3bd67e46a0f64bee3337d06b9a1496cc753c0870f6b564ca8ee5e8882b43a87f199aa408990c8d52e10f91f74d7ab9c68fe7bf371b296e00d28008a9e604f6d4206c45030e471d1b79cd6cbd873a12cc91ff498ddeed926f1fb142ec3c415c8e8c9a5c368f64f0e8fd46a6e0711fe0cfa1c98551895be2b5313c6ba8eedd4ec33edeff9753257ceb82ced095ef73015475c66c65c1f592629a417d41b8ebe6ed169ecdb4fe31e3fd1b30c0417b1fc94bf993ca981b14d3babc746ad107f2c7d064164c493d729e09110fa2505267f3fbc7f35f4c62b852b3a3e90dc59eeb106c3fabe290949e2921b0d65bab8946c2e6086fd6e70b776926026b5e94435628744070fc5732d3f7b20ef37b68d27881489747526eb204cd898c6511044362fa7805d489b081aae93647c1b3a9f71d91ac8d5185d66432375cccd8ab649c53911bc93d5cbb4602a7662abc30e9911d03dba300dc0e4f500390fac7352872845adf9913785191105a163e08a57e47a041651e4e2df5e3f9ff6a59f4dc3797d2be6e3bfa6e3fd3b92250b7af78d27d1687b7951a16101d2fe04ee4f61800de573add8a26b497d7be86d93a78220ceaada5d183103b86c452e714ed8e94b9170c81ae63e49b85d199f5b1f1dc15fdfcfd17456c6d47c2a7613d8f0b176808f216c2a842475fe67585b3d7596e5aecabad46597320f455e9b522157a4d1b26cb3acbdd476eb801cf75ed2ef54458891a83c935586e141c9ac1a1f6029b3bde7db6d4ab25584f3fbd7e3226f9ddd81ceeb80746726a6aa21118a21d8538889b0b7941cac6e4172ab157100911a1b3138980a9d2104990d21198f70493392fb9a775826229f5815ab36c183aeb0c73e1bc0eb92038b20835c0c04af59a3e7eff69b4819c8190d0f398493c906b9ded0ec2b60d88d9a4e35ea253d7789a5b8be807b2d6730e80ad474417b8e116c0e32886002b89972245a3b9b3486ed686415f9be15c46b00b5af9bdd91925d2cc1b8b92c4d23fdeff3460b504acac779dd71e5f7bd937a11c1c12b91022f4dd30ab59ed06f1ae4093667d98a5b6c9ffe7c550456aaf6dc8da763aef51c81e1d88bf04efd2de724ebeaf5b77ccf49d7ae02af6b18a351c088b633fa26a1f9fffe51894ac94669d37b5b5973f4b5fd11a509dd1272c20735a286f540d7c91eac3935c2d25eae89492fb688492ec7983c1f8c5f3ca5c09634b2f1709cba75947d4bbda90fe868d12d17a2663220c2ac7282cdfd17fdcffb779ed459f71289a7907985bf5bcb21c7160e561a03758c4bcdde07e10ffc1fea4be52aea5d02fe6c97b68926885f1cc22a667f8c31a113d7708988ef7dda0fbd597888a843ffad3e9ffccb69175124e1d687bdc67170ff3fa3f7471aa9e886ded2ce5a275a25bf759c2f3da6f74ff06a12bf4801421ab6866dae72e325decddb93f8726959c7741e15288b4be46c3c4beebb6be115565ad82ab0725fd9d64cfcb6c021bb369f8818bdafe71fe974d7326e73699589b77162d26ce1e1659edbe853328a5ad99473991ac7b63d781ccd6acc7bf0f4de6dd3ba3a2ade91c76def0fa806e812297ce0801ed62b51db92904bd3c83d7becddcf187655ff031b6151dfc9c70e8e8f7e77df7ab3131f4dd462391df595883817015a471141a5d97dc738e7f1f9a2c5bc2252a261ca106b140831d44bc66f3c3d2b94187d9996673940cbdcb2ca883de3ebffe3359cf1cd49517083be73a2368454cacd79d5b01524f648bca115e47e99a418dcba966df7e5921fdcbd0e445e5ea18f1086e17b70ef4fc30af7ec5e02fab410eddf2810a964be56df78201b1103e5effdd5759a2718622b5011213a5e23c1808d186468ab2ceeb2a6307b9bd3a1a78db77847ca4cd9e77ad9725fd65685267b0e5d8fa01e6dce664bf39e7b4fccc95aacbc3769e33c0760d4467998d68e73e3e3ffff233e989689f59446b906743e32803cab910c283aad4958df4d753c901b786acd49c7ce80d113251c1fc3934a928f1bd3f4f471495513334850d66eb6363b3b6506f70035480596183965728a33e1fc7ff40ad74e358348860f04c47a6d99e7095088bc984e361efe39ac5b06c1e5ca45b398263fb3236f3e2550e7f0c4d36662cba8af2bccb00279b17a41185069e43d0d6f134f8693c44f76e04b2efa123f878fc97d0b30d487a35e7be0f5baa0ab25fa9cfc1b7e81bb451749cc16d89764ecb435fccf160a08778e8d1fce27e0d4d62080d730016d714504578bb86c7d8873be2c0f76357c1178c2a6e5c0298d63f99ff8fd7bf76833a4f08f5b1334066be1f83c2d252cf26c665dbf2f5f31d15efc76d05965b6dd99c43078487ea35661728fc0c4dd6e4d6d94e6903bf8e5958d078d0a813a5e6d53da7340a79c448184f913ce49e307c9a8fe77f1c1333f4a5cc1008cc5bfff642093a7f643191225ad94f242b4b78f769cc923def7398e54ab8fe80d467a688c80c057edf695b527a278618bc9a07c647159e23af7691977dda3ea53f577e701faf73cfa03f9eff6bb3de41f7d74bc372c5b5c4c5ce6b409649f07c3e5e78f073b83ffd5cd5f0602c441be8e4f5cc9201a98cb08efb35af07e99d5703178fdbfcc95ea313e8f8e7770b8044d319b54d0788e116f858665f383c257c1e0013385fec9989701250f3318685e3ee8457fec06c6ddf8398938a663f349efdbcbb3abdf2cc810f935fa3d4947620fb8f1dfb4de03b6b9e3a70cdd67fb21f0ee21c8d5fd6f9e1736ad88e71775d244687a37d1cffa215bb79ab0dd7d7fb2c621827d5e8b04e87cefe3dd46fb9f6d6f4d4302c0af5a8c7ffbabbe27e96c64d8b1e83c4fb0a599552b489a534e2362b218f947d407e75876ab063749d43d4fae0f5502ec55928fd78ffd78e8fa0bdd77ab53f371230c6575846dca3be6f1b038c1bbdb7af8b337a0e8b818a8030087fb016ae10c16338a852a3ea47b1a2671f9b30e0f6130c02a6549755eb1af8f284bdbb048b9d77ad222f34b3ded68f8ff7bfbeee43be51605b057b4fb39304ba63c86eaf5d9503b62b957bdb7bade7bcded5ce0b4e1121813395813caedec756ed82ec7978e92c21430ae69962b22ea0ea086c66d6d7e5c1f8270e84d2c15c20d79fcecfede3eb67752c10cebcb7b89a772d2f16f4df33dba5f9baf1ed4eb0ede258289b630d838ed3e26ff54d1144f09173ca19a261b723fc23307b630dc1c8c0f025b575445743420113a55a8041e9cd5a36bb2cd88fe7fb78fd0b285a2587b1b5d8e77780d1c0e18a48620668546232f9fe3c24f7c62a63c0bce6086e6bf7b3945ff7d79095f0abd0f7bf237b442b42103c9921e2c7fc532fbc67ff03c38f60f83994ad2e5e075d9f8fc39f99c643edcc2b3e99ec33ef832b9505fd35c6eb5da406719d8784c470a66a270a72af39b5bc4644c8ac297e3a0ce3e813ba9f9739476ddcec93783292a5f92d3f73069672614722797655b38170613b520f0f02abe7e3f8f7c4839c1720cc419f5c2617fab9930aff3f8d23c407ec6e09dbed30da65658dbdb493647e6f9271e5b6adaf210021c7b2505e48293ebe6fb5ebc8912eaec4bc0891d4b63d4879bb1937b453b42d4d02bd0ae13fdefff43879a363b6ce1199dfa77113847cdc2308de3522f932d0910b876cb56d2397fd5589d1ca0ebbecfd65fccea4ce5686cec862174d901483a4cd9805f76a41cc633706be5a1f0ae45d3e0b34bd6762f60ac415fdf1f5730932575273154b6703ed36de08e6e70d277338711f1b7af154545b94529b5b77c400cd29498b9739f83578a58edc576afdda0d2394216e4e2b7a5092c4da9413e209c14b1067e2b2c1de54458c2c07c201c1f9c7eb3fb3a57be95e527fa844dda53db40452a5755e7ac3ae63af92a7b3cc07a526440ebc048927693734f85315cb4abd1cdf948fed2648a5e655a91b47e0bb1c5b11fb82e1637208c3cda6818a3cfa928ba11ed7bf7e1efe89347dda85189eed68a2b0ce3baffcf26c70415af0b4259258d45a163b74ae513f8413b1f7f71d0e9ef37999ef6b312bc6b37536c21d5baba9ccd6e8860ce144f5996334bfc69cdaf3d0dd2a6484954223217ddeff653ec773616d68a1b9ffea4733635ee71ee697387539f3bcb5951be2b888df82cf55e9798787423b660b225990693dd644a70b3dcae21c82c13491ed8a26a18e92ded77cbe43fd93d233bbc4f79a675dd87efcfe9b57676a0668534958550e939122314135461e7f723406d7127bfce1dceb41e497e96c6a9f77b854f0cee196dd74363c1def2f4ec1a0208d5cfba4f5f3ab52a574c7fb0e98617c0cc669a8cccd3e89542e9a576f3e3eff788c95cfafbc59bce6c87be7b7b7006d2c074ab27b67677dc9767e29ea5d0f17d1e673213f77f8e8f7589b8981e6e8981e479746b0a56c21378e86559cd67c436ee11666efb3853a2e406d7125aec1e88794b17fdcffd3520617753f072e968f3aafe86142ebbcd6bacccc0f4523471c8367277958ab44e5ff75875357bae499c78a44298c983231d7d1b5198956b588616757ace0508eb3b2718dbde7abcfc892cf0b03cd1673941f3f7fc2b69540e5672229aaedaae7a9735cd654f2e2f47bde01eaab663367f7896f02d1fecf1d5e10773a5eebbc220095dd7bb918aa6423b3151821cf8674e07da92c6ec67957464b76088fc2845894123496837c3cfb8d422b04a0e8aec23888693d8f2d3bb408b35809351c6c3d2f786ceaf38e779596e5f71d6eb35dec200a19e02b53dbd3bc2c7bd59e00af2fd094e25600a1fbbb2b3c3c0dd8cc08a4aec06f201e9fe2dee7e8d487654e70f95e4ffffe16bcd9f98e4f760b7152b620a3137748014633fbdd81df3d6ffd8f3bfc607e6b9252cf037743dfcfedb29475c2a6e3196ba16a4598137cfb8971cfa98ed41404824b562ccf0be0cf2a3fdefffe786be1dc7d519078c155b9e913069c2f4ddbfcde03c4c2e1813d9d0ba4d5b070fdbecae63de78a90081ece5e78fa4216cb8ff717deda4b78aba7d340f05b90f2ce4999bed459425d1654aaa6e29e9007998fe7fffad14b7105c92e02e1bd8050d6db771bffbcc3d341475cf49a57c2cf8b81d8e239f9e30ecf32531eb397e5415ce893595c9cdf793dc7a8f0476af7becce9c7f5d5a2c24dee401ae28c74d482b6847603447fbefc830e7ace2bb2d9cc420ec4ba5cb79facfcbcc3d5ac85f7d9eb36cbdb6b99364cfeb8caa6da52df5f72fd6e9d6c7c5541cfaf103c110aa2b9cb7ca6b22182b83bba12c138995f31dc67e973de8df9c6439f87ffbfe4200b3eea5642897ee62cb6b9ae19a0cb985fff266699e4d56a70f12f57d9d48dca776100f94f20bc9ab0480c1233c9dbfbfebe01496098c8f275d8f915bbf5b831eacda4c9fbb708c8cff7ff7fe52b5ff9ca57bef295af7ce52b5ff9ca57bef295af7ce52b5ff9ca57bef295af7ce52b5ff9ca57bef295af7ce52b5ff9ca57bef295af7ce52b5ff9ca57bef295af7ce52b5ff9ca57bef295af7ce52b5ff9ca57bef295af7ce52b5ff9ca57bef295af7ce52b5ff9ca57bef295af7ce52b5ff9ca57bef295af7ce52b5ff9ca57bef295af7ce52b5ff9ca57bef295af7ce52b5ff9ca57bef295af7ce52b5ff9ca57bef295af7ce52b5ff9ca57bef21580ff07dd9a19997729a6f700002cea6d6b4254facecafe007fda700000000000000000000000000000000000000000000000000000000000000000000000000000000000000000000000000000000000000000000000000000000000000000789ced5d07405447134654c402a8088888bd371445b0638f25f6124bec2dd658628f1d1b2020202804112bd8bbb14b142ba2181b62417a17a47377df3fbbefdd71186b7ef2935fdf26e371f7eeeebdb7dfeccc37b3b37b80d4fe6ed3f80aa4909a82fe97d3bfec3fa1c9f9ab72b5bfdffb29f118fbbc427ce57deffc9fb4c2c6eeff167fc53b22cb4de7afcbe8497ac43de4a62720e3c54da4041f45eedb58a43fbd88ac8497c8c94c865c9699ff3bd4e057309da217148aff894e143676ff1ff82b84312e171fd9bfb90ccbac54c864d94838ba0ce12b2d91707831b2925ee2f54a73a4071d457ad86d84fd5a1351eb2d11e33316f1beb311b9b43ea27da622fdc575249e5e87d47bc72193e7a84ea5b41b4c0ffe07adb0b1fb57e3af3e021572397f9e95148e688f21885a6381b86d43907c61135ecf3342eae52d7839cf14c9175d11b5a125120f2d82222b0d89bba7216c6a29e4a444223df8185e4d2d8137b7f723f1e42a844dd440acf76464c63c42c2a10588df370fd929515c073ee43f0ab8153676ff1efc15c23f0ab55e6718e4a444233b3556f5969c37d178bdbc2e2257d446a48d2552aefe86d78b6b23da73085e2fa886b47b27483f46e1e5543d241e5d8ca4df1d10b9a12bfffc1bff6d7835bf0e64697188ded006510b4d90f6e014e2b70e45d4ea6688d931016f834f21ceef176484df873c3b9dec406ebe8b2c60df50d8d8fd2bf017eced5ffb35373d11e1eb3b2072951932230255fe3a7ee74484cdae808cc860fefcedbd6388f79980cce0e3c207e3c301e200200e80cc3420395c783de105721f5f01325291b46f0ea2ecba91fd3f8588b5e41f367f8f9cb73148bde888d7e33548777ec56bbbeec88a794a7c2147e57794fca080ac43616357c8f80bfd29e77d2a03b3f03959297873cd0b09cc473f3c8b68dbb68858560b6133ca22e5961feff5ccd0db48bdbef72fdf4648e315d98ba0c457f8233e04174807cebfbe8b2bd10f7133f24f3c79138938793632e95cbce5e408dce2e56dc438f642f2251744acb640cca60e089fad8398ad0339878858db011921d7440e027ebd7231fef82f5b61635768f82bc7ba92d3295bdcfe7988986b8888855510bbf767c4baf747c48ac648f2fd196937f330679f794ce3d9f7c169ccbbe8823e0766a199f7705472eb015d276b686f6a8b62f6ad51d4ae158ad36369a70ea8e0dc1d353d06a2edaef1987072351c03fde0fffa1e926422ffcbc942faddc3487b7416e18b1b922f3882b82d7db83d483ab182fcc32464926e29cf5f00bea0b0b12b44fc55513872d2e29178de09694f2e213be23e22165743c4aa8664dfef23f9aa17f1b633aacfdd8b7d860dd7bdd065cf2494279c353634233183c6467368d85940639315341cdb40c3a12d349c4461cf1d5b93b482863dbdc7d65cf8dcfaa6d0b2b344038f419870c606c7432f21859d84b826625f2239c01be1eb5a21ce7320c2a697418cc750a43fbf8a8463ab20cb7a2bde8784ff97348542e0f272b90c4aeb994a7efbe5f492085f5e074907e7236eef4c843bf58422378b1f670cec28c5ef03688ceb6d22ccd711761b9b13c684e7e6f6241d5084a428898e5b4fc29c9e3371b6a6d7adf9318d7c622d081de7ba614b3ab19e74687d0b34248c575ff3c4abb4243a7136e70af1beb3103ebf3a325ede44cc72334439f542765a221d4e13ec008b4dc45cd417b6c2c6ee7f8ebf5cf4f9ac65463e405ad009e2f4e188dad49162f8ba085f5217c9d7b60b7d4fed08d9844e7b2610363466d735e5e3589361eadc311fa69aecd1b12d4c3cfac2d8bd2fe9461bfe3ea56e687c44b89e380befd5b06b41e7690413f2154baf101fc84c261d484276d4434411478c586785b70f29c6d8d08ee290c648bd7340f4058c5348f87faa297be9ed83e308df6085b0f995785c9e40e3feb54d2b28b2d3f8fb1ec68761d081b9843bb3ef4d684cb7231c3bf2315bc459c45b1d4386b5537b94a271ffddfe69d071ee42afb7e3d87f127f6e2fdae7d90afa7e8d4d96d0585b1f35884f78de17e20ac5f30064c78652ac688504e21109c409628fade4c7041e23e1ff97a6107912e4bc8fc497107f6419f13c23c46c688a88a575117f78199012c38f6fb9b517460e84f53ac2ddb19d60ab9d3aa88d65d17ee7c35fd401e2005d7da760f021d29d8d2db89d2822fa88cf176bae13fcef4d2da161d30483f6cfc5f3f4247e7d71eec3114ef18232472463b65faee03640c96b3ed316143676ff38fe0a3167c2b0673d93fe2280c759d9318ff0e682035ecf2c8f84df37801c2a9265d9187f64098dbbc69cc7a96cf2678826e1a5e5d2199ae403cad1d8770adc0353d7efc80f58f1635f86bf9a5eb16b70261d5cd718355d7ae0e4f3eb44583390b07f0e12fd7e41ee9b68158f51222ee4083e2b362c6cecfe51fc3937968b3933b17f2288d7bd9aa983a835cd10e5dc0f49febff1fe7cf1360ed63b4741634d033ee6353777fc329c08636dd74ea8ee3d94bea3217ef5df8a15fe6e1cb74fd9ff8f7e2fd90e4d27ba1617125b3394b66b0d8fe013505cd946bc703eb292a2f8bdca6419883fe788b4973784e79f378f54d8d8fde3f8cbc926729fcffc404e26d21e9f43f8b25a885ad10089c705df199a1289665b07939d6d24d871676b353bffb95859f378c06cc770987b0e46abed23109214816a5b7a902db1107c83f2bd5f640fac8518c399f480d9824dad5064ad199ceef8aaee33fda93fa29dbae0f5e4e288b4ed88dcf464c137a87285df2afe429e4c463a9072ca0611765d90fee83c62774c44b4db40fe9e88b70968415c8ac55f6ccc17f99bb65ac9f34ad8b7c2b4b36bd0d67b041e27be84fd0d1fd10610bf73fa127d7abff098c2d11245d799c3edee617e0fb1ee43f06a9a3662764fc69b9bfb90463e422ecb95c6bfe803d3fe3c8bb0997a64f31b207c710d44ed9a0845463252c9ee77de3389fc7d13ea571a5f8cafff4dfc998fd764bcddb6055aef1c83ad817eb8fcea0ede64bd45cdaddf43c3bea5c805ff3b1dd0e4d291f342ed0d1638f2fc1a407a16bd673652824f22f9c822842dae8db777fcf8bdcbbf41fc553c88cdd3a725222de42a128f2d279bdf18afa86f32ee9de0c7a79d5e4b36bf1e8fe98a52fc5554f4e37f0b1b27650c483ab4b125fc9e9c474eae90d75d1fe045e731fb427ff221e928fa28d2017b735422bbff88cd4fa6c623c2a625c2e7e822624d6344d97622f073dfd73d5f39fe42aca78c8513c9febe9c5b89c6c562a45cf1c09b4bdbf8eb0c9f222cb6776a530098e409e70de44be69cb7575d512471cb6a5b7a135e2d441f53107a40dfe162cd63d46efb7e42368df30c8a5bc39754412cf9b6e48bcec88e7f4e7e205bcc0dbc371e286cecfe91f1afccebf3dc7e7a2252affb2072a5395edb7606cb00c664a6a0ce96ef790eb7884ba702c69fcd0934c580fdb3f3f9dee5575c441e5090e7b3e6bc50c3a6315c828e900d8843e26557643e258eb3a50f22e87e7333de88a50ddf06fe4acec3f3226a39905c790eb223fee47f2fbaeccc736b2c8ff72531fe47717716f27ffcf9463374df330539b23cfbfb2c310c8664ab397f2fa0730ae76d070dbbe6a8b2e53b8467a793c17b8157bf5444bcf718a49c7720dddf23ce6d7ffdf8ab639f9d1c81b803cb90fae8223259ad5e86903b7b92140603a76e5f9cdff9bcb1df5ec8dd6e30c3f77e3fff857b8d3db692dbeb023d2f3b1fb3016b1b6269803791dd4444120f885a6b85f0e50d11e73787632f53eb9faf1d7fd65203f7e3c5542d44fd5a13af375ae10df943d6965e71e5f692f75b81f0b13c1c580e9fcfe9513c31fdec46e555a9aee954e83514dd6829cc091788be75c89b2fb0b74035f7de08a7b84616f100c91736233df40f249db3430af585d03ff96b8dff05d8fd23f833f69719f31449bfdb1017fa1eaf97d6812cfc2e9272b350df6300b79705eb87050c349d04fecfe60a77049f50a2af8a4353b2d261be7d8430ff5f80baa7d281f54de079f7003f57c6938b8876ec8288d52d907a679f980bfa4bbd40616357e0f8b396939e80e86da391b4672a924fae456a90902739faf40a3437b600cba715f9c2fceee760c072081af65630d9d2032fdf44e6c75fecf6f9179dc83e3412ecc5e64fcf0d7e962863cff54dd1e7e06c9eef4adcf733a25737220ed80a717b66409e9d91af8fbe56fcb9ef7f1bcfe3fdf0b91510bdb60d520276f3e353cfda0a737a0539eed56d318bc708dbc9a75723ff754185ffa91757516c634b1e770a3a53803ec8a1150c9cbb2394ee1f910f11b1dc0c610b2b23c66b2c325e067e13f8b39612780811bf3647c44c1dc4fbce00d293902697c172e718a16ea720fb5c85bf50cb53c6ae356e46dccfdfd76a7637ea6d2c6ab9f515f281efad0dfa6f84c59e2d70e8993f10ff0a09beb3907c7c09e2764cc39ba093ca4bf92af1cfab879423e5c9591af33b9176790b627613fea931789a1a0d23972e425dc53f827f079ef719767891aa97d5f157b65c990c3d7ca7f37ac17f047fe200bf5edbcacf157f6a0dde1c5f89f40727914571a1025feff857d5f3cab21163df99b84f0fbc09f041ba381f7aeed54d14b7b314eaedfe01fbcf6abfb428ce38f7e286ea7ad4fb5abdd7a7fcbe8ec7889abc86ac80f20f9bf338c088e34bf9799229de0c5f608c57b3cb217c55535edbfe8e0e1436760586bfb28373d31278ae2f6a4d0b44adb6e0f12f6b3e0f4f519f5b104e5f5a8bf33962cd397dbb9de390a15cdba98eff3b35e60bfc5d384ebc964ccce71704fe7c7e98ec4ae7bd3ff1783ff3923b5eccd043b46d1b1effca645962fda38a901436760587bf4a0f64c80ebd0e88f5d1106bebdd82f643630df16e87d6a2b41164536b35f9d4f377c441ed7d6bea61b62ae67fcff857fb7be6257ba1ce849fbfed7f770df9aea70de7b7e6de23c0ee5a16740c1997dd28204afd4b3789adb0b12b30fc3372c8ee13cf8bcb484122619e909546f21609994c52617bdd1be5881b55208e5e81ecee87c55a4dde3946e35c5df4d96b2e8294a5f1bce2b28bba22aafda5509f94c4c4e3bf426f83397dae137d6f27e86ffe826bf8cb3509df61c0becba533f437b544dbedc3f132390a8939994890e722213b0df1e9c92449882589cf78a3ac0f2a6cec0a0cff434f2ea1a6534fd4d9d61f75d5a49ec700d476e981fefba7e041c2793c4d3a872789673f5b9e7e4084e3bff3bf43d877269f4162f62315f2f9d60e437d3db71c116f03f028f10c9e24b1effa9d7fcf975cd387afef3c9e255f85ebedcda8e5dc1375e9deeb6e1b20f4c5d681fcb1966b4fb4df3189c64932fe05d81518fedb1f1c87864d431e5769d85991580ac29e93adb5de3b82def5902498e42e49d017c85d5102c5c7fbe2f730bc9f90dc43468a3f9e3c3a8ce0e0bbe467df37d7a2407c5c0c424303f036f9323d0d143fff98e44f9207e2f7067ee41a3e766d4a09c5de3fb7f11a44be9680ddbfbd25cf4bf1c7f58d61e8da0bd169495f15fe3b1e9d16d65ff15a6b716d8df2d1d602ad76fd80b4ec5b34fc6e43911b40cef1ba28017922677553014421ae43417ff3c7dc6bf43a1dc30d8e73565600a2a3cee2c5f313b87973378e1f73838f8f3d76ed76c73e3f6ff8fb5f41ae58f791919141fa108ce8e868fefc5ed01decdbf71bf6ee71c34e9f4d3872c815972fefc09f7ffae1e5cb13484abc24eac06d7e4e85787df25cf63789fc5afeeb9589af8b02d955ae4bae41ce02d71563823ce9c4e7bdaa905d88c9f8baf0f77e7c5a5847b559a88d61a2a98ccb49f7eb6eeb8da8747f618ca8b0cf2f427f13ceb93704dc15d738e6cc6e24255d23ac7cf09ba72df6ecf6c491c37bf1fbe9e3b81b1888a8a8686467e7cdf52ab95e7272321c1d1d11121202f5969d938bd8d8383c7af810972e5ec4a9134770ecc83e78796ec2c1fdce087d769cb0be0fc12e0408d7c275f1fdd7ad12aea70fb02260b5b05e496dfd91520758fea38ac720447f65f87b3e380a8d55b529fe694242b1952dabed692de04fdc98f1b50771a7043c6501efef3fc29d1fc375b1ef9fd018df8b39734761d9b2b93879e2288de518c8e5efafa953cd3fbf23efeac5875a5a5a066e5cbf0e27c70d58307f328e1e75457a1ab33bcc4fdcfef075ab0bf9a549a767d3f86f4eb6afa35093604f7fdb3615c4a63ecab97c476321f1abc2ffeccbebe8b66b22bef39d8e9ebe33d1dbef6754dad20345588ce6d48ee7dc4f87f8f0fe51c894b65518ef8adc9b843dc39dc943dedf172f7a61f2e4a1183e6c307c76ec464242f25ff1fec41a9bbcf05f413af3f96bf5d9e7ee060661ed9a55983e6d243c3d5793de5d81a0077755be21df3d30dd50dc44aeec0e3aeffe91b06ec9c77e51c776b0f21983debe33d0cd772a1d1b8f1187172131f30d0a11b302c79fef89f04e9e65de393b61ed1e9b97a1f16073752d18be2aff9e2bf6219463ec11ce9cf6c0e851fd3064707ff2d5bec8c9917d26660aa4a7a7233525055999991f7d2fd385b4c807c8c84cffe4f786bd0a83939323264e1c89f5ebe7e25908b361a1e07c5111c0b98c4265b70229eebb80ca6eddc41c87254c5cbbe3797204ff2e199d57269771910bf14861635760f8bfafbe8dd5786ad836177264c4877a1d184f712fd97ff92d557f311baf503cc4b9b3db3172781f8cf861088e1d3dced7d3a9e3954998262727e2c58be7b879e33af1bea3d8eae68a450b7ec1f831a3d0a7570f7468db1a6dac2cd0b17d5b8c1a391c07fcf6e1f9b310444546100fbc8ff5eb6c30f887e118dab73b6eccae87230b7a61dca851983e633ad6d9acc68eed5e387df2246eddba89e7a1cf9098180f59aec02b222322897b7862e2d85158ba780a1efe79825e65bc82f929c659fee03ab1ffa917af3fe6bc77633374dd3be1af764ab526b2d0b12b30fc1562718bbacf7df5261aa614efb2f5379c03509f3c49607b3908b15b7666108e1d7247bf5e9da05bba14caebea6250df7e983c6e1c7efc6128860d1e84017dfba06b276b58346b8a9a55aba2ba69655434d0875e696de868174769ada22853a218cad2f3f2654aa2bc4e2994a3bfd96be5cb94420dd34aa85fbb06aa5632a6f7168756712d542cad85edfdf51138590f5daa158386467194d1d2a4470d2e4549f4cae8a0aa496598356880765696e8d1ad2b860e1a8476addaa064312d9818e963e2b801b87cc987e24da60382df9a76661edf9f80d737d834c10affad799843dc574caedc47a8d0b12bb8f1afd6d46b9d7f38b298c67e23b0ba799673df72d709b2cc87f0f2b281956553559f972e5e023a254aa89e33d122d1d12e0663033d34ac5305dd3a59a24ef5ca302ca707d38a0684a911aa9954cc27eaafb1f754d42f4befd785718572a8261e333234c4e436c6f01b6182bda3aac2a88c36faf5ef81e3873db079d322b2291331e6c7ef09732bd2bb3aa855d50886e5cb904e15e5524157875f2fbb46ed6245d1a9536b1cd9ef82e837d750cfa3b790f7706a03ed4d6d1010795fd52bef69858d5d81e39f370f2c3cf77b785658c3cf7cc04673b4f71d81b88400f8eddb842d5b96639bfb0ab8d3a39beb526c21f1f45849b1f97a8ac75ce17fc51bc1f70f223cec2c525303111f1f088ba60d51414f97b014b0fe52613a60686804b39a0670e95719d7a75646bf0665d0dcc29caef625c90b92a710f24ac1c8cca0f3c6fd8117cf4fe1de5d3ff8530c7ae2982bf91647ecf775c4bebdf6f0f15e8feb97f7c0fda6138ad80af54dec5e3bed9e826c79b6d831df06fea27353dd6e72660a1a790e166aee9c2806ded802879feda42361106c26ebe747a228fbfdb1784c3d27f71c870f6d46d952a550d5d8e86fe3cfa40ad980f2150c30a1ad096e4f37c5967e2630285d1c3e3e1be83ccfc8485fe5b9288197dec65ff38e79f65e7814aebbedce617cfd99864b073e0fe421d6028a9bde7c33f8abf6d0950bdcddf1e62e6892ed17d66698a323f5538e8c78a0e20e713b65ee4cf9a89613ccbd46afb11cd02df2b18fd0b7577bf2115aa86e62f2b7b1176c4045181a18a16e1503dc9d5e15d7c806b4aca287ea356a10dff7e7b8b26b91535c27575d17e3f8d7f2097f0fe77d8fb033d89d303717f21d762d5077eb003edf23c0aff880f92f74ecfe01fcf90df31a48b9b8fe2dfa6d3c4cb7f4e16b2679ff503f7906b1b93ae2fef2bc5c40febcb0a0070a9e530bc5de3d9b5086b840652343c2908d7dc3bf8f3fd90f5312437d031c18658aa7f32a637a878a9c075a58b6c4dd871720d821968fbeaa86ff8d77f295420c93907e1d0db7f5e1f31e45d83af1f5e670bebd4f391adedb455f33feea79b67bd18fd1cf6f06b41c3af0757745d95e0a9bac50d9b50bc5c517c1e65094e3fe5dfc153236b61ee3e99fbfa36ed54a3020bf5fbdb231f172c6e33ed3d61b1b92fc9503301f52c9c80836df55c2853195e036c814356a99a07ebdd27098d80861db07238be72b59ec7e8fe72bf2eb009baf60fe2104bf9c5f22ae2debc873e0665e439025cbfa4b5f7cedf8abea5ae8ffa4f414d85ddf818a9b3af1392f612f266bbefe52d3b913cf8f0f3a38193279b0382774559517e4797636d74263f0c1f34b68d49c3eafa90d037d6354d43342655d035429571ed5f52ba0aa11c501c606a24e905d30ae882ae218af4ad8337de1f100bd66caf1a7e3269560aa4fc7ca9747dfd6c6f8657065fcb1b02a0ecead06b7b15530b58d3eeae916417b4b7338382c4310f1be5c362721bfa1ca59f13901babed3a17b517283a598ebb6e67568659d3a61d139472409393ea16fe4797be17cd5f88bf717f0ea1e345635e67ba6688a7bb529ebed85bd5dd89aa9a65873d5069c3fc96f429ec3fc29eb57c6b9c2f087ff7e4c5fd40a3fcca98a218bccd0fde786b09cd800d58734805ed7dad06e561365ab98c2a49c3eaa9725a960889acc3f9854e41ccfc4501fe68deaa371bddaa86c48ba5299f4c0c010a63afa285e8dc6fad0fad8b6a236fc9798e2dcf88a58d5d500a5b44a931fd08456495dd4ae511583fb77c5ee9deb280e60f9dd5b22f6429e3a24f13c6aba7623bbafdc5ba08390f7616b506ce85a7ffb01175fdce4eb10e5e2ba98af1d7f81f791ffa7bbb509f0248ccdc47559627d1cdb8793cd87b876e0fbfc14dbd0023beebb83e7d2983d55dc4474d4452c5c380d5a458aa275450dcc69a787455d0db17e6825384fa90eb745b5e0baa60116da37457fd2a15a339aa344cf06d06d588de765982eb0f1cffe6ed1a4119a34ac43f8eba3a69e012a9810c6431b638c9d054eafae0bfb5e1531b84105cc6aa587d59d7430a9477dcc9a3b05177ef7425222d345c6f18379ce9fcd0383eb673062d302d0867c04cb6bb375079acec2fa13be371ddf8b82ee797d23e86f6c8347b1cf79ff7c1bf8e7ed79c1f2dc230e2de43aa0e16acd6bff4b6f6a87465e43f998e176c0a1157436b6c2c147bf4188a3827037702f562c9f8685bf8cc3a0217dd0bc45731857328176711d14278e564193789a41198c372b07fbde95b063664d6c58d510dd963447c949cda16d5d13552a921d285d0ecd1a3540b3fab550a5941eb45bd5468da52de1e5d0180efd2aa18ba91eda56d343c32afaf099dd1e77dd47e2edf9d910e24fc6ff6e817140ee9772c579608a0113326ee0bbdd23853c1f5bbf4e369fc7b78cfb311fe724ae455edb042bffd88a2c798eb8b3fdd78dfffb5a6c5a1ccc3c064163790dd4d9d217c79e5e421cc5455d7d26f3b53a9a6c5fad4d96a40356d87ddf53ecfb20f191e5d71f212b2b0811e1e771f9a20f9c9d9662f8f0ef51bb6e4d68142d49b65a0bc6a54b6354a30af01e600c9f99d5d1695e53684cb580ae95292caad48145b53a28d2b33e5ad934c7b9b93531a17179fa5c31e2ffbad83aa73bee5e7443f6037b64046e408aff72a43edc4636ec8ec8496fa8f067717fd4db1be8b67b04f75d45d8b53b5892bfef020bef51429e8bec1b5f8744f67fe491a57999d06f26ff23de2ef26aeefc5fdcc68ce3abf032254275fc754a14f9c7e17c8c14617cd0ae154a6c6809db6beb20e454ee09791805ebf79b10f22f424d00d38dd8b86b3875722be6cc1c897af56a713dd0285612bdea1862df4013388daf02fd9f9ac1605c3b949bd41e9de737c1e5f126686d5c9a633f78400fdcb87504f2573b917e721a124fcfc69b5b7648bcb000c937ec2876bdab9aa364dc849d3330e60c2cd8fa55e2ae1c7b472b68ae33c36f770f2035270dabfddd51da96fcdbaa6a68bd6314d98954117af987a2c0c2c6ee9fc15f917f3d907a9343ae9cfbc4cba40858b2f5b8eb1a8a7b31b7e57bfc8e3c320d91a901bccf21176a81587c20e73917c243c1e2ae3bc2719298e82bf0f4b08175db96d028520cdac4e1967630c191e1c4fd4712ff9bd104e7c719a351594d181a57e1b55f0afed9a7906507226aef08bcf96325d21e6e45d491f1c88c3c48c703c531cf6cd103ec0a768731f17a368fc9f5d5de025aebcce17a6b5fbefb3b15e28f3e3b2793ae88b5a8e2fe87df54fee7134d7d0d4c546a1c7aeffe89ec65038137334eb0c11cf5b6f682dfc3ed50e580097759eeb53c5faccc15f23c2dcbcf862023e31e71757b589837e11cbe4fa372383dda04e7c718a345454db4ebda112f4259cee119786e87d917e2726ffff4407ac85ea43df240c285259067b2f7307bf318a1495730eef8cf34e69bf33a364dd7ce7c5eb72c8df35de23e56c027e3fc0fb5c2c6ae50f0674d7d9e382d3b1dd34eae16f77d255ee8da51984323be38f4d064dc8e3c0661ac3f10e244967f156bf2f2d50e723f118237c9b7b0f2d7e9d0d4d245b79ada18d1b804c64e1a8dcc2ce657eee7d56c72ddb98bf4d7be48bab519c9a7e622edcaaf60b16772e62d38deb483a94b3771feaa9db8c6bf01eabb7e8f2baf84f5bcecb7025463fccb5b616357c8f8335f9057b7c9fc682db7eff91a41619fbe767c3dadae7d5b4c38360bd75e1fa2be56d67ddf15fcb2324faccccbf0bc11c32614172ff8a04ebd3a9849f19c105bdc116a797303785e9f7f9ed5a230ae117904b2604f44c49d81e31d67e2acfd04dcf97e411d857a1ee22a830ece45587294ea1ee4ffddef05163676058a7f427c3ce6fe3c0be3c78ec6af4b16c2dbcb03d7aefa233e213edf4d2be3a0bc7c411e47700fda8f22ac768eedc7aedc979fadab5adf14da84410fdfb1d81ae88c6789e7e98bd87c9c189f33cc1577841c824c593bfc00c964bfe572964fba25f80a05fb9b7107a1ae98bf27eb06cebf3e8c599757a1069bbf67b8dbb51473561df9f9f55d3ac3fbde512899dc876a4cd55b68e8339c3e75129b1d1d3077f62c8c1a398278cab6af167f564fad5f5697d7cf942eaec96b708cf4cba2599386983c711c8e1d3ec8ebf3f2e9825aff1d23ee54d5b907cf0908b9c2f642be90ff96477b811fb03506eb9ac388f0e8b97f2cd65e5d8b53a13e08493c87648acb196f17f48109d30f162ffc29e21d84f49cdb8848f5c7f58843f0b8e78cc9a766a391671f14b5b514d684b2df8fd92cee23a4c49fec5159c78ed8f5e09478d150ede7f26e7bfe3c14ce9b9dd0af4f6fd4aa660a7dddd228c5fa42ab28af1719d8bfdf578b7fe09d3b3cf76a62585e98a7a96484ca461578fd4d695e3ba3054b8be6d8befd37e48a7575caf8606ff01914b569c673833c9fa6cc17f31aea760236ec777e981de67b3db715d61bb039d78d9630244e6ee635003dfcc661d4899998796e21e65d5c825f2e2dc1ec8b0b31f1f739e87f78125aef1c86ea6ebd50d2be8dc0e9886b6ad8b712d625b39c0dd32ff6bb3222fe9a4eed85fcb5433b14a1586fd91517e4b2794d714f7b657b1516867973e6a09a69656817d3845e296daefbca3a255687a65b520b03fbf651af452e6cec0a147fff2b5750b142399e7757d6625551d56319f339d772654af1fee9d3bb27c2c25ea93e7b2dec2ef1aa5ebc5e58583f622de48bed2d51cabe1d165dd98c31c797c190cd1fb2f924b6c6c0411cab4c3fd8be026cdd997d0bfebb0f8c3708f83617fe66c2f485f14af2e9fc33cacfb11ad5758d519c387dcb1d6360e8da9dcfe1f3eb7052da003acfaa7a187f7829b2c4df2552a27ff8e001d4ac5183df17c3bc9a722e4abc7f654d9a5ea912e8deb5b37a7d72616357a0f89f39730afa7a655059d4f9f7cebd735d304231b2855d3a5923293141d58f218961b0f41a26eccfc4f22b84bd0ee1b54bf9bb8ed41e25bcc0b63bbef8e1d002d476ef87e27c1c9b09bf0dc4c7b2b9506bc6c62cdf9baf83b0bf305b7bc5f4c5d68cefd1c1ebd26d5bc0c0b933daf98cc3e28b4e38ffe22632723371f1e54d983876e1fb886ab25a1ec63fd634c1bcf30ec8167f2b5879cde7cf9f4539dd327cbc57af9c5783f8befb2e57a6243ab4698dd454d57af0c2c6ae40f13f44e3a02cdda3e947f0570ab311654b97e23683f7a7d8a12c1fd06de70468acac89f2766d71e4c9b9bcfe7ec7dfc6a625e04a5820b6de3980d9bf6fc4c083f3d076e778e8b0fc0cdb075ab9cf23d301f217f5b60e42ef7db3289e5f8e3557b7e2d0930b7842fa9425cbc1bbed4644306ab2df0f595b8fd72eadf3cfe36deaeb1ce6cefd19253435b8bf136a0dde5f97c2f06763a3a57933e2c9095f25fe3bbcbda0a3adf5c13e50d663b0c74a06e5616ca08fa0a04015be0af17739e3d3de60c281c538f6f4a2eabbf96fc6b1dfd7917ffcb75592b25361e53d9a8f6da51fe13e827cc1f6e0c31ffc9c1087087aa8e4f841b14fd1da7508d6ffe109e545cae579f94bd656aef895b84d317e4f4cef3f86bf41591d34ac57171111aa3c78616357a0f83b6f76e47dc1c642751363551df6fbfa848d7fa6039e5bddc907247e1017d55a09f54ddc3ed2d26559b0da3596cfc7a97e4784edd14b3c60efc3539ffcbc2a37a9cc4d7d642d115b8b32f6c761dce65515eff17d3640d90f46e5f550ab7a553c13d7a37e4dfb3fb0b674c9221ee3b09a7db61e83ddaf7a5fbcdb2f0c7f56cbdfa2a919264f9a08efed5ef8333818d9d9591fc6e7437916f1e5949c3434f11c42febaaef05b9f6c0d3e9b9b5d5917bfa9c6ffdfcad52029291157fd2fc3de6e23060de887da84255b5f504d0d67f57b54ae4160765f87b83f8b8b4b952c813b776e2befa5b0b12b50fcf7ecd985e13f0cc1f8d123d1ab7b17d4ab551d65b48bc3a89c2ee746f9f0a7bea951c584f75f5971bd4e19f21d55c96e74b1ee8005f3e6c1cfd7174f1e3ffee47a3eb12ff9635a4e06461e9c8fa61e0361b96334c928b4f41e81a6ee7d7134e482f0de4f7e9bd0985dba79fd3adcb6b862c2e8d1b068da94f37b16cfb3b547ecda599d015f5ba2e4fb6af7c8eeab02d97ccbe64d3174603fb21523316eec183c0d79aa3c45616357a0f8e7c7438ef0d7afe1e8b809a684a93e7164651f99d0b8af42af797979c2d9d18138515318d0186135bd2c77c0d670317d606bbc4c2b55247d688fd933a763abbb3b2e5fbac8732c1999191fc54efd57f8987c6a15291bdb6c8de0b16347b071bd0dc68e1e41d76546368cf0a66b6178b33c06934a847705ba5e764fa6461561dea811dd9301af2965f89b924e94265dee44f1cd99d327f13635e543a72d6cecfe31fcd5dbb56b57d188780ff3079c0713be6cbde6fdfb419834711c9a9b35215b5099c78d86e575394fcacb1de9a044510dceb175c976b2f1c4ec6e87b6ad308a7c2fcb337b7ab8e1d8d1c3b8f6c71f78fcf82122c3c391441c3b2529892419c9090948888dc5ab972f107cff1e2e9c3f8703fb7de1b8c91e737e9ec573322d9a9951ac5e91e727b8ee51acceae835d832909f3552c7eebd8ae353a7768079b55cbb1de6615860d1d026f4f0fb26f954907f4f975b3f7fd3862987a9cf74de2afbee67ee9a2057c0c31fcd9e39285f371fcf851d4ab5787e744f792eff8be670fbe7eb7d7775d2936a8407d6f80d5cb9762f5b2a5b026bc995d60757ccceeb2bf75e97b987f617935e6632bd1b1eae45398df69d2a02ecc9b3424dd6a84a68deaa351fd3aa859cd94ec7739d2b1b29cb3319c994f66be598975457d3d6e9f2a92aeb2f3185728cb31356b580f1d3bb4219db18313d9b453274f60ead49f70f0801fd7bdc91327408fbe937d4725b2613702aef2fbfe96eabfdf6dca7b0f0d0d8539f94e4dea6bc6f7581fb5a4f136e3a74918356238664c9f0a5fdfbd584c3ab27af54a4c9c301e3fcf9a41b1d5326cb2b385ef9edda413dd39b6266423caeb96e6f6978d4bf6c8620923718da709e794829d669832617e98f912f65ac3bab5f858669fa94eba6849be873d3728abcbdfd7ac7103d4af5d132dc96733bfd4a5537baca571be603ef1917d7bd0bbc777d8e2bc99ebef60c6016b5443a70e6d3165d27818d0f7b3b15f84eef367b22b9fb1e7446163f78fe2afd4819cdc5cb2bbf73167d64cceef94f3216c8e88adcd6098b468da18a37f1c0e1bc27ff48f23b067970ffaf7ef8bdf7ef38017c92cf2ffab57afc0a245f3f9fce2b0a18351abaa29faf4fc0e756b568359837aa8478f4cb7989f3110f1af40b8f6e8da190dead4c668d2b59ddedb515687f48774a826e993df9e9de8dbbb172ccc9b713c3ddcdde0e4e4c063999933a6c3cdcd15db3cb6d2dfd3e8dc0b505e4f0756cd9b71feca6c997179c1161567735e644f2c5b98c3ddcd0d3131b19fea9a6f067ff516fa2c04ebd7ad41fb36ad3836a58a1521fb5d9c7302a5dfaf4ff69bf1e54eedda60e4b0a158f0cb5c9c397582fb89f9f3e662db36771c3d7a84c6a133a6fdf413a64e9e0227077bf2cb6dd1dab205d6ac5c8621830762047df6a7c913e1b1d50dae2ece387ae410dcddb7c0de76038f518a6916c186f56b70e2c4313e27b5df6f1f61e74a7f7b61a7cf0e0c1d32180307f4a7eb5d8be5bf2e81a1bec05f18276176a74c09b66f4071aed34307f6c7bebd7bc8e7a7e4bbf76fd9feabf7c1bbfdc0f666bb7ce93296d138ebd2b1031f4fcc9733dbc0fc39b30d86a40fccaeb3be6ed7aa25ac49672c699cd6a85a05834817bc3cb7610ae16b4b786e5cbf96f02947bed70087f6fbf1f1cbf68bfa69ca248a41ece1413ae3e2b219ab562ec7d2c58be0646f87a284ffb42913b178e12ff8ae4b675893be0d1b3c00bdbb77453bab96c421ea6104d999f1a37e841e714f6dd2d55264b7d8786f58a7067e1834005b5c5df0f8d1c30fdef77bfb44295fe9fe0f5fdab2b3b2f83e7d5e5ebf61fad429c4f55a13c7afc26db82ef170c6d3987d658fcc4e304ec6f6fa30257ed88cb81de37a7d7b7d876a958d89dbe9a10dd900a64fbd7b7443c37ab561d1ac09e98e1546fe3098e290da7c1ed2aa45339e9ba9616acc7904e37dfabaa5b85fd22ea2c1cfc7620ea6932c16607b88f4ebdd13cb898b32de1a11fefa6fdfaf5cfc85c48ff4e9ff931478cba4d8fef9f367387fee2c5c896bcd22dfdbb70ff3d14d69ec57e67ac1f81c1b8bda626cc8787c5991e3e994627cbe0c74447d295bba04f731826d29cee306ad221adcce942ca689d25ac5387737ae509ee3cc7cd3886143786cb9d3c79bb87c0062a2a3de3b9e3f5503f4bec6668fb21532dc8b0b296cecfe35f87faaffd8f1c4c40484843cc5558af30f1edccf6dba1dd9fe15e49be712b71cf3e34874efd209cd29b630a7b8afb95963e191b865b3268d6065d11cfdfbf4c64f132762d12ff3b82f707274803771c213278ef3fa1556939096f6f6b3aff7ddc7cf6d41714fe070dbb5b0b1fbd7e05f508ded0197909080f8f878f13141f53c292909d9d9d9857d89bcbd7e1b836df7f61536765f1dfeff0f2dafee3dbbb0b19344124924914412492491441249249144124924914412492491441249249144124924914412492491441249249144124924914412492491441249249144124924914412492491441249249144124924914412492491441249249144124924914412492491441249249144124924914412492491e4df23ff0109b1e1737ea3a22b0000200049444154789ced9c799c14d5d5f7bfb7aabaab97e965f6957d5f0604041414038a0ba0b86b824ba23189e68931891a639e44131313b33e26d168a2468c4623b8a0b8a0820ba2ec32ecdb30cc00b32f3dbd6f55f7fda3ba7b66d84425cff3cf7b3e9f9eeee9aeaa7bcfa973cff99de59690524afe3f7d6e52fe6f8695204d2492ecdd330189d9ebf351cfcafc2641cacc37ffb7f75ffc5f68e0e1039ae928aae6c2909068acc19e5f45aaa59654b819d7a0d348366e432d1c84e2f6a3da1c28aaa3e71a1284c87c942660fd23b25ffe87e93f2f4029914220a5cc3025313aea917985289a4ee0b55f12dbb40ce7b8b3c93beb265aff7c198517dd030515b43f76353677114ac56854dd4f72cb9b28c367e23de35ae2bbdec3563e1657f579a88a0db0b45300481321fe771697f69fbab024c38c10609a084521d97590ae177e806ca9432b19846dc86944573e8a7fde3d742cfd15aaaf12cda111af5b4dfea81f9337f27cc2abfe41f9cd2f92aadf40e4fd87f18ffa39f11d6f137ef9a738a67f135bd910021f2d44260dbc177c1fcd5b0e19e1fd6fe8e0c9b94dd2fa237b2d4e09a482cd2443ad08c51a46513452076b90e900a9b67a14dd07762f91bdefa1aa2ab6820188829104df7998ae65f7238a86a20d988ecd5b412ad00c7903c81b7516c9adcbb01556e29e349ff0929f91dcf616462240b27e131d8bee24717033321945ca749f494a69bd4e267d610d94d9bfb2afdd31a39db4fcf56a946480821b9e40af9c88e62bc3397406d18d2f517cfb0b382aaa51f28a896f7e05ff823fe3a89e8bbb723c5cf07dc8af02c541fe94cb01f08d3e0777f10854c5813e602a71d58d6940a2633f9aaf8a824b7f417cdd73c497fd165577d0be672d25d7fc095bd120846aeb355bd1ebfd8bd317b081993b0a08245228188910d10d2f90ae5d8f73d2c5045fff3946a819a3ab1dffb57fc333f90a12b5eb49b5edc573dad57dae1601da83cd74a51384cd24c94414699ad86c3a0e53e273e753e029c223541c4285540a340d59bf81d625f7a28fbf80c8870bd1dc2e520736621b792e9ef3efa2eb99db29b8fc7e1cc3a6598e1b1384409132b7d4bf087d2e0dcc3a0489a57502eb7e76bc7a1fc9d54f81cd8161b3a3788a3122dd78cef82aaa34108063c8a9e8434e6567471d9b9b76b1aead96dd9d7b38106ea325d64538192369a4494b1329258a10d8351b4ec581cf9147b9d3cfc8fc818c2d1bc1c4e2e18ced379ed2ef2e855402bbaf12e970d3f5f4f7709f7e2d91d7eec3ac7d9ff8eeb7097ebc10dfbcbb71140ce8013f39c7f6f9e97369a0946646808274a49dd0ea7fa1578dc3965740dbc3f3c1e1a6e0c67f91a8db80dd5b81abfa3c006a5af7b26cdf4adeae5bcdc6b6dd74c6bbb1344205a5d74b8a1eebdc1bef1969300d302d1c68d77486fafa31addf04e60f9dc68c215fc26b9ad0de40a0f67dc2ef3f8a5e5c416cd332f4f173f1ccfa0eb16d2bf09ffb3d543daf1732f85f12a0c58b058051541420b465291d7fbb12adb01fee7117934ec649b4eea5f29617119a4e1a787df7bb2cdcb284e50d357427ba4155c06607d506581aac002e9b9b503262592745f4724e7da6dcf366a42095042309d818533884ab47cfe6daf197324077432a41fbab3f21bee1150a6f7e8ee093dfc02ca8a2f0c6a7506c3aaadd0da6695d4b88cc4cfe830234910829114221deb815a3b51efba0f1b43f711d46a811929037e72efc53be029a9d25bbdee34f1b9f6145c3469026385d288a3d830bcddc7515c0340d2add85980634c5da51549b351ec78f35b21a24a584640452712af32af9dab80bf9d69405544a4932d044c7e2bb30236df82efa6fc24b1f20150de0bff01ef2265d06d2c8e0c6ffb0008d0cb391ad4b09bcfe4bcc8e068aae7984d89e0f89ee5c49d5ed6f23ec6eb6b73770cffb7f62f1de15200c70f81042430a8940222498bdae2bb004ea4230a3622cab9a7711920944661d1f5780192db51c82440a2015877890c1f903b97bda2ddc386e1e72dfc7a4f24ae8f8db35d8cb2aa1bc1ac314945cf8534c291182ff8006cacc02121229054ac671742cb987c4ca47d14aca498762e893aea268d62de02de5afeb9ee367abfe464bbc039cbe8c4d9320b20042f45c3c2740ebaf4c4698dd6f127e9b9b457bdf47383d208d5ee79c104b089911643a06b138970f9fcd03737ecc60573e6d8f2e2011efa6e2bb4b1180294d14294058714c8f4d3cb1318f2b4099c177124008e2751f93acdf886bd42c62db96115c721faeb93fa4f04bdf26a0dab87de9cf797cfb2be070236c8e1306ad8a044dd548a713f85407f74ebb81dfad7e8a03c9008aa2637e4e3b6f393a03c2018678aaf8d3053f654ebff1742cf96f8454f19efb7d145f1996ee666e70c6b49c682878cca3a494d64da107aa74bdfa0bba5ffa111d8f2d20bafd7df22eff2d8533bf435d32ca25cfdec4e35b5f02971f45737e26c42f01454806f82be9ea6ea23d12e2c6eaf9108f589af479499a28a6069e226a638d5cf9d20f786ce70a0a4a46624a81614a14c0306274bcf32091fd6b1042b1323e2718b51c57cca6303145c61ba6e296fbf797423a813e7002f967de406dac8bcbfef56dde6bd888f01623543593963a71cea510c49331bc426562d968dea9fd80af8cbd9081be2a643adad7367d06d02551308501d24071e4135124df58fa63feecf65174e503e8f9e54477afa4eda18b882dbe83eec53f221d0d64b4ef0457cff1864728200d426fde4fe39f2e4448817dc84c44e9280ae6fd9443e10eae7efe563ee9da8de229b696bbccc28e13e7542011aa9d9ded759cde7f3caa0043a6f8cec42f43220e9808d90bbe9c306516a6149852a2683ad2e5e0fb6f3fc0239fbc0c40f8ddbf90d8fd21f61937e09ef14d12cd3b2dbc7982031d57031504f1ed2b08bcf91b9478239d4f7f034385d2eb1f23948a71fdab77b3be6d0f8acb07a48f77a9e392c8e4f412668a4f5af6726df57c5a421ddc78ca250c2918884cc541f97c38ad2f4914c585a16b7cefedfb59b2ef234aae78007dfacd38ab2f4236d5d0f1f8754437bd948bb43e8d8e1060ee242148473ac1ee22ef9cdb20ad62a0e21f3b1fe1f4f3a3e5ffc3f2ba0fc0536009e00b24762c9b23c0eee4e3a6ede4bb0b9856390e9f9ec74dd597403c91d1ec2f964931519098089b9bb86670cbd27bd861735136ef6e42affe8cf0070fa1ba1c84de7d04cc34ca09442987716d25cd25128120b8f535da1ebd12c54ce19e792bfed977e01c3f9745bb96f370cd22c82b04293184c080cf6ff085e5f18550906682d5076bb0695606e5daea790cccef07a9300a4acf52fe5c645a41a194a07b698cb672dbebf792cc2ba460f6f7c0e9c756381ce7a44b487636601a494c2973a586a3d16102cc2e134b7d3dd57329bcfcd7446bdea47bed73f8be74232df120ffbde241a4a22054fd0b307334122004fbbb0ee63c60455e31d78f391f92092402294e463e2f83e4f3fcbc55fb217faf7905e7c8b371cdfe21de593793dcf9366d4f7e033319b310c87186ec2340cb755b9f4d243657019ed3aea5e4bf5753fae507018507d73cc5eec05e8433cf0acf4e020921acd47f06b4475231d2a691fbfd9ab11752e22a45a66327b1d6614545e8767ef3f1231cd4dd14545f40cb63d7a0b80af04c9847ace67590c67171684e8039cc2304a9c0213a5fb897d08e778977ec4726c2d82bc7b0abab81c76a5e05870f10272dbb2b33a15436f0b56b0e5445cdfd3eb4a03f73079d0989c849192f372e0ae86e1a02077874c322d07dd8fcfd4935ee24b8f231e207d65b713bca3171e111965f00897d1f135ef16bc2cfde44db135f26bafa19009edeb294b67013d8744e92ec7a0695990f866480bf2263c07b267dc5e873505527d2fcfcdefef02145764cddc5d39b1773505128bdfe719c53bf42c1b58fa0e55710def8226acf19475ce708019a486c95e3f0cfbf07b56234043bc91b369dae748217762f07dd8e902a9f05e79d18438a95eb533426978d86dc08d6dfe955a730be782824a34765e4b35236cb28246077b13fd0c0b29dcb512bc7a2578e25b8f46744573f879046afccd1a768a0100223da49e095fba1e310f6fea7e3bfec01d4aa09acdcb7865d5d0d60771ff5425f8484c40ae6d3292abda5cce83fe1086ebdba8b73064cb1f27f421e431f3e3b4949c6b32bbc52b70a431ac436bd02a16670d888ef5e854c253896e9edeb4400694aec6503896c789e78cd6bc858148065f56b318d2496873e39cea3cfd88a028930f3064d63a0af02e89d6ab5e84b0327a1692ec82ce32f0eacc9412874271f376e677fa48b82336fc248ab181d0730e361128d3b8e797a5f0d04e2bb57125bb714914aa00d998877fc05444c830d2ddb7219e4934f02994e9167f77243f545408f53cb5842004e291ec6404f39a453644a59276f0aaa4e5bb483cdcd3bc0eec631fa4b78a75f8fa2ba48069a33d33c860dcc4e434a13dc79782eb80dffa50f5821a191e450a48dfddd0741fb4fd5e125c4c35c38e42ca654561ff16b16ba143b0b1956d02f13abfe27a691e493d61d503400e9294660c73d710e8efea37245a8c3c99248a6b8621a2962af3d8054ed38a77c19cfb405e029a5a17e2d9df150468027bf13449a0676c5c90de3e773043c123db93a4d5519e0af84fd8635df6c36fa0b524f8a57615fe70100b4b44168d523182be2a8f90328bdf37d34dd7b44214ab12e607d61c64318e12e64b88de8f23f1359f73c004d910e528609f460b39347025251a6968f667afff147fe7cd85df7393d567625136e9e2c832204a02834873b300087a79454348a5e311acf19375a999c9eb59a3b4fcbf200a0b9fc142d78087bd558d0f3acaa17104946201503bbcd2a8c644fe8c3dce1e59f4f2907f5c67e8928a7968ec4a93a8ece99ec69c18a19094827219db212108755573ed31c3224b172921869ba12414cc0e6afa0ecb25fe39cb6006c9ebe97ec451a402c9524988aa0081575e024643a0989702e911a8e47c8b739506df64fc9181c3ef9de3ff565440a91b3c9e9a4039fddd573a6e8393f9bd8c85e3e160ee0b339b0d9f45cfeb1af6d3fce1c8e98aec886df56602753b8a4e450a009ef98d94855239a4e20a301c8600f4528e43b3c2899fa899052ca9776bdc71dcb7e8bead4fb0c2984c048c4185b3a809fcfbc1cbbf2d99a738e35fd2c4016994998c2a0d8d59f02fba81cfb7d4a4fb976359343e13504934114a158c5a31311d409cd4f41511cbcb577237f5cfd26aac391ab4b23151026462a41455e158baf788062a71fc86860772a4c6db81ed26eebe02c1b42422c4c656101630bcbb1d6ef89676b7b89801e57a066de352c131c27160cd250bb8b43e938a3478f47557bd055b645aebdad85eee03e4a0b9354e6178370667e35c8a6e1acb91d2d2f991dfb5873cb9297f54e077bbbeb21e1cc944a7b05e9a92841ac5a4a96340045d5407781cd614da077039329491806916404b7269066aa9717eaed2dadb4b9e8a95f5a9aa3085014c0412211a5ab334c2c96a4adbd9bd696205d81288aea46b339a8280b21a5557d8ec562ecddbb97e2e262cacaca3874e8203b77ed409a49d2e9189e3c1d7f411e45454edc6e173eaf9bfc82022009a6651f0512336b3e853c2297d877b19ba0dae94c25c0e602bbeb3017a52085c061d7fbf4246990316b19839e158ec0444a908a4a67344c301dc76dcf43f4e9b9eb19404a50503276c940a880700336baba026cdebc99dabd2d389df9b85c6e9c0e2f95952399746a05858545d8ed594465b195482458b1620573e6cca1acac8cf1a74c62fc299348a6d204babae8686fa3a5a58586fd41d2e930ededbbf1f96c8c3f65208307f747a82a1044a4250205698a2394b0cfbf9942525b2c00d2200bd445eec86ce7b6d247f01a403a9d84580064c24af10881b43b11c20642a1231ea62312a6dce5e558cb41648bd39a40e00334d6aefd847f3fff0679ee62a64e99c19cb9e752525282a21c797e6fdb2aa5c4e7f371ebadb7f669dd104260b769949414535252cca8d1a373e7442231b66ea9e1b5d73ea0b17129d3a68fe39cb327e1727b8108c2481d75de3d835a5ad4d8dd69a96ca6b356a623569203209920640ff799ab06d03faf8473077f09c5a6a3a0a008858dedbb684a7483aa128847391868676c71d561465e64968a019a04ac3ce1bbefaee6dfff5e46286872fef9173367ee1c0a0bfd7de7dbdbbbc21189d22c72c9e6e114e5f83517b7dbc9d4d34e63cad4d3d8f4c926de7ce355de7eeb2f9c32610473e7cea0acac18888319cfc09f5e3c60221495b491a4b6b33dd34d61a24ac9e4e26a8a740f490c8c74823257097aaf5ca590524a53f6b43564d9b8e39ddff3bb8d4f81bb0022217e39fd32ee9e3e1f69047b345a805005e00560d99bab78f6d9d788c504975e7635975e7a1936dba7836f2925b1580c239dc66eb7a33b8e820733649a26b1e6ed280583713a5cc73c0ea0a1be819797bcc4d6adeb1932a494cb2e3d9ba1c386033190216ba5a2208409aacefe4080339f7b8083f130605069f7f3c1571e67b0bf12c3ecd97c218440c91842cb8958dff6197c4abf5360d3b3562f1e0a1f35d762c814aa5041a641d30137521a2c7f670d0b9f7c09693ab8eacb37326fde5ccb7964184e2693c4e351baba02b4b5b6d2dada4ae3a183ecdfbf9fd69616dadadae8eeee269d4e61b7ebf4ebdf9f8b2eba88091326e274b968efe8e0f5d796b2a1661b4aac83ef0daea7d93e84579a0a71f9bc5496955251514949492985c545141614e0cff7535959c1adb77e97c6438dbcf9e61bfce657cf515aeee2cb5f99c7e831c3115a120843da00ecac6fade75028004e17c4ba195dd68f417e2b33a4665740a65f28175e5adf895e98ca92f094b231f473957220d106361b6b9a6ad9dbd9cc88c20a4023194fb0ec8df778e2f1e759f1de6a345563d6cc59bcb6e425163dfb3469c320914c120a05097405e8ececc2340d62f118b16804d330304dab5153d3342b032d04d23459b766354b5f7e197fbe1fdde1201a89d1dede4e4a0a0aec70feb91ec69534d1f0418477f60bf2ec06e1a41591a8405e9e07bfcf87dfe7c5ebf590e7f5e2f5fa683cd4c4d3ff5cc73f1e5fc49cb967b1e0da8b39e3cc89a89a0555deabdb8e34520829902983e995932d33232d13692560adba4d0e841fde5c24317335de2f2ff931cfed7a059cc510ede2e173bfc637469dc353cfbeccdf1e5dc4ea359b0070db741405428944ee3a76407768e479dc14e4fba8ac2a677fdd21028110ba6e475194a3d8bd9e40dd300c52a914a669a2aa2abadd0e42104b995c3c4ce5ec810a86aa71db8b2d9c3e7b26375e77297575fb686a69a7a9b199969636dadb3ae9eaec26188a108dc40070e82e62b12491540287a6326dc6546ebdf92b4c9d3d81998b7ec5ceee36b069380c5871d5c39c5e318e63e3c8c37aa42de09ded7d864b877d89e776be0198a0283cb7672d97f79f4c9ecbc975d7cfe786af5d8c694aa4349080dd6e43d7757c5e0ffe7c377ebf877cbf075f7e218904cc997d1d9d9d415445b596c151a29aec778aa2a0eb7a9fb959ab44b0ba394d75b1cea40a83d3fb6b1c38d8c2bc8bcfc91c95cabc2789c75284c35142a110c1ee30c1609c6030443c9e424a304c836422456971014b76ad6757a0d9c2c3f130d32aa730a96c64afc18f2abfbe02cc363364d99a3d782a638b86b2b5ab16742f2beb77b1aaab962baeba0c08632d986c309fad9364a382ec2b0df859fece6becd95d87cfd72b30ff8c2401874d70a01b36b54ba656299c3bdcc73d6f6fe19fff7c9e6bafbd14cc366b2e8ac0e15471385d1415bbe989800e8b2eb05274773cfd338b6fc54a2a7c79d439d8153b3d3dda4797e0515a3bac13a469e07778f97af57c14c3cc400a933fad7e9d94d10532866976228d001801a4d1014657e6d50de920d2b0bc99612478f2f1c518461a45d1be50265991a00985950d495414c657080615bab8e7de4769a86f02a50029a5d58b6ea49046c2eaa136c26084acb91901a411c04c7702064f6f798f0f0fee42e86e8847185130948b47cccaddb4e3b5101db533c1ccb477005c35fa3c2abdfdad3633a787770feee2a92d1f82c8eb85d245afb828f37f168c52c0a2e7df64f9f28ff0f9fd98321bbb7e4e92125d83ae08ec0b9a14b960ca202775fb0e70f955b7f3c9f626845a80a266574296d40cbbd917289a8b8e6837bf5efdbad5f42e244adae4bf265e49912bdfc2aae2c808e63802b45853858aa268d434efe4e6377e4e4ba21ba1ba50a402ba9d7b3f7a997d814684e23ca630240642c967f7b65aeefdd1ef70ea2e0b138a13df5ad0bb532247c29ab4a629ec6a3538d86e32a6d8c6e0a12584bbb7f1feff7c9786277f42a2ad0b451d88505dbdda417a62782bbbe3e1818f97b2ada30e617722e331aa4b8672d3848b7b84f129a4de7befbdf766279b6db4ee8a057978c3bfb9e58dfb59dfbe1d43d7ad018540a876bac35d3406bbb86cc45414219132958dd84182504c845ac4d67dcd5cb9e07becd87508b7db8b11371109138c34aa99899e84b45ad784b01c98b0962948545525ab0019a88f142a32616237d2a43d2a5d0e953387aa4c1fa632b6c8c98e9d9ddcb770032fbebd83ee700887ae525ce2cf84ba3263fa24422de0cdda8dfc60f9bf483b1d08a182a29048268844424cac1885d366017a2bce90166f87ddfc9c0073f747083635eee4aa97ee20acc6515c85bd4ca8157e499b8ded4dfbb0ab1a33064c4090429a96ed54341b88723e5cf9090b9fff057955ed8c3eab8a82d13a8ee14ee2fddc040a7402361d2329d0a249b4a4d540a90a8954adac87914e5354588866b3118d4451351591343123299afd3a25330ab9ee348de9f90689d6241b7727f8e9ab413eda1f22a8785015492a11a3b0c8cf881103321191b484a7f9d9d3d9c882250fd16ac411b6cc4a5254e232cd8775ab78af6e1d43fcfda9f2965a4141e6461e2ec01c0ecc410a09a62279e0e37ff0e3f7fe8c70fb908a404158756123018e3c48996889188f9fff75ae1b370b4c2b086f6e8ef0e09f5ee00f0f3cc2a9a506a70df3a13b747c051aee7c1d2d5fc574db39e0b4b32b015b9a540ed4c6d0eba378da43d813209d1a29334d796939492349675b077a42a13b0fa2679471e5640757c5826c5fddcdeaba3415be14454e93037a15ced16771d1b9539870ea08f20bf2813498614c339347d13cb446c25cbae88fac6add87707b2c709cd9d72c4c409198914e0a151f2baf7f8a512583337b648e14e061754aab7d4c45e18753bfcaf6e6bd3cb3f30df0e5634642b8351783f287b2b5b30ec5ee266db7f15fcb169267b371e9a83380284d4dfb70e8f0fddbaf676f7d3befef3b44636d335d6d418c541b3e050615ea8cabb071463f27170f76d27c9a83e5130a59d95688dc1da06467082d6c62149ba8a689124e73687c091567e7f39bc218ddef1fe2f71b22c455e832352e3c6f3c6347f467d8d062f2cefe4666bd04816ea491597a48d0f2e88845b97ec9c3ac6ade8bf0e423d349642a0a8e3c6bbb03609a124c855ba75fc7e0a27ebdd25a47d271b739b446da38f7d95ba839b891e1a5d5fceeecdb38ad6a3c0b5ef8116f1f5c85e22dc64c46f1a4058f9cf775be326e3a10071c585e2f4d2291a0bdad83bd7b1ad9b265371fafa961dd86edecd9db088641b9dbc6ec414e660db7a1543978d2ee6345d486776333231a9da0c0fad12aa74d77f1f3ce00ff7eab8bc7b60429297471dff5a73379dec58c298e6224d3a422514461257923272264a6e8244c4b809a97a67098afbef267deaadf86f0e6235351fc8a8761be0ad6356f018713a1d991dd6d5c33e61216cebf2f5338ef296a9d90007bd72156d6ad67d1b637f8fe8c1b18e8ad04e040b0892b16dfce9a96ad084f11321143370c7e71c625dc3eed22200566d84a520a15b061057716686d6deb64c3baadbcb36c25afbfb59a9d3b1b4053993bd8c3b5d5365afc2a3fb717a224f2486b8289fe003fe9e8e0eed7037cd494e08a4b67f383bbbec9e49210f16dab892b76d4c24a8c501b8abb18efe4590812d63e464501c5cbc6967abef5eadf58d7b11f91e743a66328b1187f3fef275c31f67c1e5cfd34bf5ef314915823d306cce0952bfe42a1d363351b08e53368a0cce6162da7d07bc38989753715a1b0bfeb10572ff9216b9a37415eb1d52d100b73cda8e93c306b01159e7c30bb91a685fba41008948c41d60037002dcdad2c5dfa214f2f5cc27bab36e2b0e9dc7eba9f532b4d6e53fc78f26dfc31d2c66d2fb6d0eaace2f70fdcc6826b2f40a06024c3b4bef8075c55c3d10aca08ee594bfee439e81503219d40684e40e3992dabb8e3dde7698a87102e0f3219c29e34f8e3d97772cbe4ab72fcbdb167258fac79867b667f9789a5a32cc7984126c792e067deee9af1380821680ab5f18d57ef61e9fef7ad7e69a141ac9b91fe727e7ec6e55c31fa54c004238a214d2be39271e9b9492976c0432c16e5a51796f33f7f5cc8ba8d5bb968ac8f9b27b9b00993bbde6cc1597d160bfffa13060de907b4639a068ae225bc6d0d8a3d0f990e136fda4ffeb4b3511c7ec0496d572bf7af7a8927b6ad049b0dc5e1c68c74e2174efe32fb6e168c9f6bf1f405b6bd7ecefdc23d89c54832ca0fdff9030fd53c0f0e278aeec68c45c14c73d5d053b97dea5c4ead1886e50da398326de1bc5e9a2d01a12a403edd81000ffee1297ef6c0539cd32f49b14b623ffd6a1efed39d38f434d2c874a90a815074a207f690686e41b4d76373bb70cff83a81780b0b377fc0efd7bdc581701bb8f2acf1226d8cf20ce191b9f73263c0442b654fb636fcbf2e40ab7b5d1196237fe29317f8d59a85ec4d7422141b12036231bc9a832b874de26ba79cc5e99543118a86955a4f6510aacc187b409808c501f87877c5477cebdbbfe0fcb9b378f077df034298e9a48583052822931c50ecd0b81fa3a39de6b22a1637ece11f9f2ca7a6a31eec0e6bcf5e3a01b130978f98cdef67fd80fefef2dcb6896c0efe0b0bb0a3bd9d5ffdf21704ba035454943364c810860d1fc1f091a3282a2cea119e9592ed2dcddc53391eddb4989bdff92dd2eec87d27d329484470e82e66568ce0e2a1139935701443f38b41d8b0b23529cbe6cab455115300e125d0d589d7e74251a455d8115ac61b6a588ec9249088b0a1b58957f76de1d53d6bd9d77108341bd89d5635ce48526873f0fb336ee5daf117a270646ff7d184575bbb973dbb77b367f76eeaebf7d3d6d6ce8cb3cee2c6afdfd4e7b81c0e6c6d6de5c927ff412010c46153108a823b2f8f8aca4aa64c9dcadc3973f9d2ac73f078bd39832a7bb9f757f7ace4571f3e81d4d44c5866055f8aa221dd5ee2a6e48d035b7963df664a3d7e2695f6e78cf2619c5256c5d0fc728a9d1ebcbaddaa510360e2cf2fcd08380d8a249a4ad3400242fb00000ca349444154158f7220d8ced6f643ac6fdcc7aac65a7674b5601809b03bc0e5b1966bae691e8cb489a6da5072490fab4c71b8dcf6edabe5f5d75e63f93b6fb375730d5d9d9dc46231142108270d2291c81102cc69e0c60d1bb874fe3cd2a92476bb8e699a188641329924128d20501933ae9a6fdd720bd75c731d9aa6659e9da0f0dc96655cf3ea8f301c0a42f720cc4c2e47285653782c64c5927637a876cb63a713903610aa8d62a79b72b79f8a3c3fc5ae3cfcba0b7b260e4e4b83702a497b344c4b38445338487334402c15b7aea9e956e3a7c06a805235eb3b29ad2773282a663a8d8807f9c9b49bf8c919df44136aa6cfc592607d43037f79f041162f7a9ee6a64674bb1d87d381dd664351145455a5bdbd9dd9e79ecff32fbed4a74298d3c048244222914055949eacb0aae272b970b9dc18a6c9ee1d3bb8f9a69b78e98517f8f3430fd3bfff0000fafb4a18eeaf6047f800d845b65c80998ce2c2ce774fbf81a6603bafef5b496b345336b43940b7b6c5b61a095a3b1ba9e96ae8e9d4c806fe59755784a5598a62f5296a2e4bcb53714886b1691e26948c617fb889d6580742cf60b84c7a5da6121cea6cc6300d344dcba192975f7c81dbefb893430dfbf1f9bc94951643669967177ab676138e464825937daa86390146631152a9149ab367afafa0c76128027c3e2f3e9f87d797be4e34fa559e5fb4187f4121d3fa4f60c9d50f73ed92bb58d3bc05bcc5c844148f84bf9e7b270baae701b0a3a38e0ff7af6345c34636b4ee627fa48d542a9cf10a8a351b476609e6727902552a1846d4da819e9439f853ecf031b2600467568d67d6c0d398d66f1cab0f6ee6da253fe650b41dc5edc34c252112e2f669dfe49733bf8d5db1e59223cb97bfcd0d5ffb2a663a4d79598965867319e8bed04f5114e2d118c954ea18028c44310ce3b86d4359c1969614b27ecd5ab66eddc699336620250c2be8cf4b973fc85797dccd5bfbdea5c05dce13f3ee61fe887332f50c18553888518583b869d295b4463ad8d951cfceb63a7676eca321dc4a4bb48b9a401d21338550d48c8d9518469291ae2a86fa2a2971fb199c5fc1e8a2a18c2e1ac4407f157aeec9443073e0145eb8fc0f2c587227b5ddfb511407bf9cf15fdc75a665bbcc5e98ef8d375e271a0e5351518e6158dd07c7f2c68aaa128bc5482692d0ab2a9113602814c4481bc775e7b907ee4889d3e5c4e3cd237baba43428f714f3cc25bfe3476ffe868baacfe1c2e133addf4d1353488499c55c0a25ee424adc85cce83f3177fdae648839cf7e87d56ddbc0e1c9951148c4f8e1d90bf86af5c5c7beb119bb2185646a65358b2f7f906f2ffe09178d3b971f9e71a3956592660f8807bc1e0f9a4dc334cd4f05d38a1044a251e289789fef73020c068398d22a21668bc716ef664fc351ef7729d9b0761d03fa0fb4baa284d58150e4f6f1f7cb7e99e12c731d217275dfe391aeda41cb2e5f99b183d692751c67636336ed9ed574909c52329cb76e58883bbbdc04b96e0280baba7decafdd8bcd66b31c8ed2b39dabb720b39f1545219188138b5adb3eb2c7e504d8d2d2422491a6bdbd0d55d5d0751d5dd78f68ee01d0348d542ac5dd77fd9047fefa57264d99c2e9a79fcea9934e65d888e1d8ed7a6ed2bdfb5f8e79973346296da689c623908820b34ffb9026c423448d44df838f26488be3dcffee5eb6aaabab93ed5bb7b066ed5a3efee8236a3ef98450b01bbfd79bf133a2cffc8410188641341623994c128d2509c5e27407bbfb8c9913e0e83163f8cad557e2d4ed343737535b5bcbc18307713b9db8dc2e0ca317f8140287d349341261ef9e5decdcb18d679e5a48616121c3860d67d2a99399347932e3c68d63e0c08139a37bac25928d085414c6e50f449106ba3dcffa451a24e3618a1cdeccb127d658ded5d9c99eddbbd9f8c94636ac594b4d4d0d0d07f6130a06515515b7db8ddd6627914ca2ebfa11e03a1008a0d96c0c1d3a94810307e272e52134cdc2c1bd78397a3a4b9a1c3a7888175e5cccef7ffb5ba2a1101e8ff5aca9742a856ad7b9f7befb880443fcf3a985d4d5eec5e576914ea789c5e2249349544dc3ebf33362f870aac78d63e4e8b18c18319c7efdfb535e5181d3e13c26f3873fb2e2d3f60774757572f0e041f6efaf63e7f66decd8b19d6d5bb652bfbf9e50248c2a044ea7359ea6aa24535661dde5cca3b8b888969616344dc914fba1331060eab469dc79c71d4c9f7e06791eef31c7fed458f8a38f56f1cd1b6fa4adb519a7d349281864fa8cb3b8effefb79e82f7f66c3daf5747575924c264826134853e272b932203c4177300412745dc7aedbc9cf2fa0a2b28201830632a0ff00060c1c40494919850545141415e0cdf3e27438336dbe02d334300c837034423018a4adadcd12d88183343434505f57477d433dad2d2d84824152a924aaaa5a5d5ebad5f36d9826b1588c53264c405154669d3d0b5555a9d9bc95f366cfe667f7fe8c64228666d3080683cc9b7f310ffdf5513c9e4f6f0238e6d623d33451148569d3a673f12517f3e01fff80d3e924994a515d5d4d4343031facfc9031a34673fb1577f2afa79fa1b3b31dbfdfcfc60d9fa02a82efdcfa5d90b07cc57236d7d4e0b0db0905bbd9d2dec627ebd7e7a2015b8659dde140b7dbb1dbed16d8cdd8a1b461108bc50887ace6c66432413a95229648e372da7164ecb5aedb70391d16241102c34863b7eb141415515054c8fcf99720148561c386b3f4b5d7b8fc8acbb1d96c9c7bc1f93cf7ec337814374e97936f7ffbdb783c9e134a731d5380d9136b6b6b79fd8d6544e2299cd1183e9f8fb7972d23d81d60caa453f1e5fb515495eaf1e370ba5c34d437306cc448f2f3f371e779a8aca860f5da75f8f2f349269324e3711445c1e7f3118bc7d1759d742a85344d92b118915008e8c19ca9540a09e8763bc525257475766273b9b0db6c94949671e04003a9549a7038cca0c18389c71378bc1e90e0f57b9975f639747707993471224f2d7c8a3973e6b06ae507b4353771d79d77d2af5f15c3478cc06eb31189440884633cf7fc22264f3dfd539b3ae15396b09492b461b073fb769e7ce2715e58bc88b6d616eb195a525258548cc7ebc1e97432a6ba9ae1c347b07bf76ece3bef3c16bdf002f3e6cd4300353535141517118d46696d6e211a8db26ef56a468f19c3ae5d3b71e80e128938e170d8eac8ca56c9104c9e3c99fafa06264f9ecc39b367f39deffc179a009fdfcfaf7efd6b9ef9d7733436363270e000ce3df73ca289386dadad048321468d1e85aa696cddbc19775e1e8f3efc30c3870ea5a9b9090124627112a924a15014bbae31b67a1c5fbbf1262ebee4524a4b4b3e55782724c0de2a5cbb770f8b173fcfeb4b5f63fbb66d44c321349b864db3f58a9b5d8c1b3f9eb6d6362aaaaaa8acaa62e6cc99fcfdef8f3164c810860e1f46696919871a0eb06dfb76a42919317218afbcfc12b1789c3973e6b079eb366c9a86d7eb65e2c489245369aaaa2a696a6e26120ab17deb1616fef3197e79ff7d8c193b8eb6b636f2dc6e3a3a3ad01d4e345565e9d2a5a4d369264f9e4c2c1ae1af0fff0597c349341ac13425f178022414161771da69a771c9e5573067ee5c3c1987d13b69fc8504983bb0d78562b1186bd7ac65c53bcbf8e8a38fd8b37b171d1d1d988615a81be9346eb7dbb261a6c9a8d1a3511595582c4e5b470713274e64cedc39ac5db78e214387220d83dffdf6b768aac65f1e7a888d9b3ee1f4d34f63e9d2d7183172046e979b443249674707c94492e2c242be7fc71d7ceb1b5fc7e7f7b371fd46e28938e565a5848221babbbbe90e06a9aeaec6a13b58bce87912a9248aa2e0d075cacbcba81e770a3366ce62e6cc998c1c35faa87c1f4d78b2d707213e6746ba3725130976eddecdfaf5ebd8b87e1d5b376fe6d0a183040201128904a6619048a4d175cd7210ba9d443c81db9d4751711186693268d0206a6a6a8846a30c1b368c83070f523d6e1c757575b89c4edc2e1755fdfab169d326babb8354565670e8e0416c368d5432452a9d22954a91882748a70c0c69e5266c761baaa2505159c9881123193f7122a74e9ecc8453265059d5ef73f16be6fab58e8303bf08c5e3311a1b0f51b7af8e5d3b77b27bf72ef6d7efa7f1e0213a3ada090583249349cbd619065242da048fdb81dd6e279688e3b0db89c7e2d8ed760cd36a054ea70d34cd0a33e389140e879d542a8da22868761b2e87137fbe9fe29252faf5efc7e0c183193e6224c3860e67e0a0819494961db523364b27dcf08424254d76b4ef637cf1b09323c04f73f7524ababa3ae9e8e8a0b5a59596d6663a3b3ae8eeee261c0c120a86e8e8eca4a9a991f68e0ea469583d3899f632d394e8ba4e79793965a5e5f8fd3e9c796e7c3e3f3ebf9fa2a222cacbca292a2ea2b0b010b73bef84e67bf8fb89d2a6b65dbc57bf9cdb4ebde5e43c0afe530dad10141414525060857ac7a268344a2c16ebc518b9bd22b9f0cb6e3f69f33dfcfd44a9d0e9c76d2b04e0ff01d65e97c66bab15c00000000049454e44ae426082);

-- --------------------------------------------------------

--
-- Table structure for table `school_mail`
--

CREATE TABLE IF NOT EXISTS `school_mail` (
  `servername` varchar(255) NOT NULL,
  `username` varchar(255) NOT NULL,
  `password` varchar(255) NOT NULL,
  `port` int(255) NOT NULL
) ENGINE=InnoDB DEFAULT CHARSET=latin1;

--
-- Dumping data for table `school_mail`
--

INSERT INTO `school_mail` (`servername`, `username`, `password`, `port`) VALUES
('smtp.gmail.com', 'ibarapapoly@info.com', '123456exam', 587);

-- --------------------------------------------------------

--
-- Table structure for table `tokens`
--

CREATE TABLE IF NOT EXISTS `tokens` (
  `token_id` int(255) NOT NULL,
  `token` varchar(255) NOT NULL,
  `user` varchar(255) NOT NULL
) ENGINE=InnoDB DEFAULT CHARSET=latin1;

--
-- Dumping data for table `tokens`
--

INSERT INTO `tokens` (`token_id`, `token`, `user`) VALUES
(0, '2d3d200aa8ce8ccd8c583c39b1dcb6e3', '1530110102');

-- --------------------------------------------------------

--
-- Table structure for table `user_answer`
--

CREATE TABLE IF NOT EXISTS `user_answer` (
  `user_id` varchar(225) NOT NULL,
  `answer_id` int(225) NOT NULL,
  `question` text NOT NULL,
  `user_ans` text NOT NULL,
  `true_answer` text NOT NULL
) ENGINE=InnoDB DEFAULT CHARSET=latin1;

--
-- Dumping data for table `user_answer`
--

INSERT INTO `user_answer` (`user_id`, `answer_id`, `question`, `user_ans`, `true_answer`) VALUES
('a', 1, 'a', 'a', 'a'),
('a', 2, 'a', 'a', 'a'),
('samwell', 10, 'In laser printer technology, what happens during the conditioning stage?', ' sectors', 'A uniform negative charge is placed on the photosensitive drum'),
('samwell', 10, 'In laser printer technology, what happens during the conditioning stage?', ' ', 'A uniform negative charge is placed on the photosensitive drum'),
('samwell', 10, 'In laser printer technology, what happens during the conditioning stage?', ' ', 'A uniform negative charge is placed on the photosensitive drum'),
('samwell', 10, 'In laser printer technology, what happens during the conditioning stage?', ' ', 'A uniform negative charge is placed on the photosensitive drum'),
('samwell', 1, 'From what location are the 1st computer instructions available on boot up?', ' ', 'xx'),
('samwell', 1, 'From what location are the 1st computer instructions available on boot up?', ' ', 'xx'),
('samwell', 1, 'From what location are the 1st computer instructions available on boot up?', ' ', 'xx'),
('samwell', 1, 'From what location are the 1st computer instructions available on boot up?', ' ', 'xx'),
('samwell', 1, 'From what location are the 1st computer instructions available on boot up?', ' ', 'xx'),
('samwell', 1, 'From what location are the 1st computer instructions available on boot up?', ' ', 'xx');

-- --------------------------------------------------------

--
-- Table structure for table `user_info`
--

CREATE TABLE IF NOT EXISTS `user_info` (
  `department_id` int(11) NOT NULL,
  `user_id` varchar(255) NOT NULL,
  `user_index` int(255) NOT NULL,
  `full_name` varchar(255) NOT NULL,
  `gender` varchar(255) NOT NULL,
  `email` varchar(255) NOT NULL,
  `address` varchar(255) NOT NULL,
  `role` varchar(255) NOT NULL DEFAULT 'Student',
  `avatar` longblob,
  `password` varchar(255) NOT NULL DEFAULT '123456',
  `regdate` varchar(255) NOT NULL,
  `department_name` text NOT NULL
) ENGINE=InnoDB AUTO_INCREMENT=19 DEFAULT CHARSET=latin1;

--
-- Dumping data for table `user_info`
--

INSERT INTO `user_info` (`department_id`, `user_id`, `user_index`, `full_name`, `gender`, `email`, `address`, `role`, `avatar`, `password`, `regdate`, `department_name`) VALUES
(0, 'samwell', 4, 'Olaoro Samson', 'Male', 'olaorosamson3@gmail.com', 'Adeola Close', 'Admin', NULL, 'samwell', '6/15/2017', ''),
(1, '1530110102', 11, 'Olaoro Samson', 'Male', 'olaorosamson@gmail.com', 'Adeola close', 'Student', NULL, '123456', '16th  June 2017 12:58:22 AM', 'Computer Science'),
(2, '1530110101', 17, 'samwell', 'Male', 'olaorosamson33@gmail.com', 'Adeola close', 'Student', NULL, '123456', '16th  June 2017 01:20:19 AM', 'Mathematics And Statistic'),
(3, '1530110100', 18, 'Olamide', 'Male', 'olaorosamson333@gmail.com', 'Adeola close', 'Student', NULL, '123456', '16th  June 2017 01:21:22 AM', 'Businss Admin');

--
-- Indexes for dumped tables
--

--
-- Indexes for table `department`
--
ALTER TABLE `department`
  ADD PRIMARY KEY (`department_id`);

--
-- Indexes for table `exam`
--
ALTER TABLE `exam`
  ADD PRIMARY KEY (`question_id`);

--
-- Indexes for table `user_info`
--
ALTER TABLE `user_info`
  ADD PRIMARY KEY (`user_index`);

--
-- AUTO_INCREMENT for dumped tables
--

--
-- AUTO_INCREMENT for table `department`
--
ALTER TABLE `department`
  MODIFY `department_id` int(11) NOT NULL AUTO_INCREMENT,AUTO_INCREMENT=13;
--
-- AUTO_INCREMENT for table `exam`
--
ALTER TABLE `exam`
  MODIFY `question_id` int(255) NOT NULL AUTO_INCREMENT,AUTO_INCREMENT=45;
--
-- AUTO_INCREMENT for table `user_info`
--
ALTER TABLE `user_info`
  MODIFY `user_index` int(255) NOT NULL AUTO_INCREMENT,AUTO_INCREMENT=19;
/*!40101 SET CHARACTER_SET_CLIENT=@OLD_CHARACTER_SET_CLIENT */;
/*!40101 SET CHARACTER_SET_RESULTS=@OLD_CHARACTER_SET_RESULTS */;
/*!40101 SET COLLATION_CONNECTION=@OLD_COLLATION_CONNECTION */;
